Einschreibeschluessel,Kuerzel,Semesterzug,"Name der Vorlesung",Kurzbezeichnung,Dozent,Bemerkungen,"Weiterer Link",Moodle-Link,Evaluierungswunsch
ZUST,KOE,2+3,"2+3 Seminar",2P3,KOEHLER,," ","https://moodle.hs-hannover.de/course/view.php?id=27251 ",
APP_2425,JAS,VE4,AppaAnltec,AAT,JANSEN,," ","https://moodle.hs-hannover.de/course/view.php?id=27210 ",
UT2-2024-25,SAK,VM5,Abfallb.Kreis,ABK,SAKUTH,," ","https://moodle.hs-hannover.de/course/view.php?id=27236 ",
"Bitte per E-Mail beim Dozenten erfragen",GEI,WI6,Arbeitsre,ABR,GEIER,"<p dir=""ltr"" style=""text-align:left;""></p><p dir=""ltr"">Weitere Infos zu den Lehrveranstaltungen der Fakultät IV finden SIe unter: <br /><a href=""https://moodle.hs-hannover.de/course/view.php?id=2446"" target=""_blank"" rel=""noreferrer noopener"">https://moodle.hs-hannover.de/course/view.php?id=2446</a></p><p dir=""ltr""><br /></p><br /><p></p>"," "," ",
wise24hsh,CAK,II3,AlgDatStrL,ADL,CAKAR,," ","https://moodle.hs-hannover.de/course/view.php?id=27480 ",
wise24hsh,CAK,ID3,AlgDatStrL,ADLD,CAKAR,," ","https://moodle.hs-hannover.de/course/view.php?id=27480 ",
wise24hsh,CAK,MT3,AlgDatStrL,ADLD,CAKAR,," ","https://moodle.hs-hannover.de/course/view.php?id=27480 ",
Eiermuschelnudelhühnersuppe,KLO,ME2,Aerodyn,ADY,KLOSE,," ","https://moodle.hs-hannover.de/course/view.php?id=26832 ",
wise24hsh,CAK,II2,"AngewInform 1",AIN1,CAKAR,," ","https://moodle.hs-hannover.de/course/view.php?id=27478 ",
wise24hsh,CAK,ID3,AlgDatStr,ALD,CAKAR,," ","https://moodle.hs-hannover.de/course/view.php?id=27479 ",
wise24hsh,CAK,II3,AlgDatStr,ALD,CAKAR,," ","https://moodle.hs-hannover.de/course/view.php?id=27479 ",
wise24hsh,CAK,MT3,AlgDatStr,ALD,CAKAR,," ","https://moodle.hs-hannover.de/course/view.php?id=27479 ",
80-n--nA60-Z,VEN,XA1,"Analysis 1",ANA1,VENDL,," ","https://moodle.hs-hannover.de/course/view.php?id=27420 ",
Simulink,KAS,M3A,AngewProg,APG,KASTERINA,," ","https://moodle.hs-hannover.de/course/view.php?id=27195 ",
Simulink,TKA,M3B,AngewProg,APG,TKANY,," ","https://moodle.hs-hannover.de/course/view.php?id=27195 ",
Simulink,KAS,VE3,AngewProg,APG,KASTERINA,," ","https://moodle.hs-hannover.de/course/view.php?id=27195 ",
"Bitte per E-Mail beim Dozenten erfragen",GRM,WI3,AngewProg,APG,GRÜNEMAIER,," ","https://moodle.hs-hannover.de/course/view.php?id=24711 Angewandten Programmieren mit Matlab und VBA",
2024_WS_APM,SCH,PE2,AuslegProdM,APMV,SCHNEIDER,," ","https://moodle.hs-hannover.de/course/view.php?id=26842 ",
2024_WS_APM,SCH,PE2,AuslProdMSem,APVS,SCHNEIDER,," ","https://moodle.hs-hannover.de/course/view.php?id=26842 ",
ASR2324,GIE,PS6,Arb.sich.+Gesund,ARS,GIERAY,," ","https://moodle.hs-hannover.de/course/view.php?id=27070 ",
ASR2324,GIE,WI6,Arb.sich.+Gesund,ARS,GIERAY,," ","https://moodle.hs-hannover.de/course/view.php?id=27070 ",
Betriebsverfassung,NIR,PS6,ArbSysProz,ASP,NIEROBISCH,," ","https://moodle.hs-hannover.de/course/view.php?id=27400 ",
Betriebsverfassung,NIR,WI6,ArbSysProz,ASP,NIEROBISCH,," ","https://moodle.hs-hannover.de/course/view.php?id=27400 ",
UT1-2024-25,SAK,VE5,Abwas.Trink,AWT,SAKUTH,," ","https://moodle.hs-hannover.de/course/view.php?id=27235 ",
WiCool,JTK,II2,"Betriebsl G",BEL,JANTKE,," ","https://moodle.hs-hannover.de/course/view.php?id=22922 ",
WiCool,JTK,KT5,"Betriebsl G",BEL,JANTKE,," ","https://moodle.hs-hannover.de/course/view.php?id=21004 ",
BWL2024,SFF,M3A,"Betriebsl G",BEL,SCHULTE-FF,," ","https://moodle.hs-hannover.de/course/view.php?id=26967 Betriebslehre Grundlagen",
WiCool,JTK,M3B,"Betriebsl G",BEL,JANTKE,," ","https://moodle.hs-hannover.de/course/view.php?id=22922 ",
WiCool,JTK,MT5,"Betriebsl G",BEL,JANTKE,," ","https://moodle.hs-hannover.de/course/view.php?id=21004 ",
WiCool,JTK,PT5,"Betriebsl G",BEL,JANTKE,," ","https://moodle.hs-hannover.de/course/view.php?id=21004 ",
BWL2024,SFF,VE3,"Betriebsl G",BEL,SCHULTE-FF,," ","https://moodle.hs-hannover.de/course/view.php?id=26967 Betriebslehre Grundlagen",
Geodreieck2425,GIR,PS5,Betriebsmit,BEM,"GIRNTH   ",," ","https://moodle.hs-hannover.de/course/view.php?id=27163 ",
"Bitte per E-Mail beim Dozenten erfragen",HOB,WI2,Betr.Kernpr,BKP,"HOHBERGER L","<p dir=""ltr"" style=""text-align:left;""></p><p dir=""ltr"">Weitere Infos zu den Lehrveranstaltungen der Fakultät IV finden SIe unter: <br /><a href=""https://moodle.hs-hannover.de/course/view.php?id=2446"" target=""_blank"" rel=""noreferrer noopener"">https://moodle.hs-hannover.de/course/view.php?id=2446</a></p><p dir=""ltr""><br /></p><p dir=""ltr""><br /></p><br /><p></p>"," "," ",
"Bitte per E-Mail beim Dozenten erfragen",HOB,WT1,Betr.Kernpr,BKP,"HOHBERGER L","<p dir=""ltr"" style=""text-align:left;""></p><p dir=""ltr"">Weitere Infos zu den Lehrveranstaltungen der Fakultät IV finden SIe unter: <br /><a href=""https://moodle.hs-hannover.de/course/view.php?id=2446"" target=""_blank"" rel=""noreferrer noopener"">https://moodle.hs-hannover.de/course/view.php?id=2446</a></p><p dir=""ltr""><br /></p><br /><p></p>"," "," ",
Geodreieck2425,GIR,PS5,BetriebsmL,BML,"GIRNTH   ",," ","https://moodle.hs-hannover.de/course/view.php?id=27164 ",
2024_WS_BTM,SCH,PE2,BetriebsmMa,BMM,SCHNEIDER,," ","https://moodle.hs-hannover.de/course/view.php?id=26846 ",
2024_WS_BTM,SCH,PM2,BetriebsmMa,BMM,SCHNEIDER,," ","https://moodle.hs-hannover.de/course/view.php?id=26846 ",
BPT_WiSe2425,NAD,VM6,BioProTeLab,BPL,NADOLNY,"<p dir=""ltr"" style=""text-align:left;"">Start: Donnerstag 26.09., 10Uhr, Raum nach Stundenplan 1B.1.21<br /></p><p dir=""ltr"" style=""text-align:left;"">Anwesenheitspflicht, da Sicherheitseinweisung!<br /></p>"," ","https://moodle.hs-hannover.de/course/view.php?id=27165 ",
2024_WS_BSI,SCH,PE2,BusinessSim,BSI,SCHNEIDER,," ","https://moodle.hs-hannover.de/course/view.php?id=26852 ",
2024_WS_BSI,SCH,PM2,BusinessSim,BSI,SCHNEIDER,," ","https://moodle.hs-hannover.de/course/view.php?id=26852 ",
"Bitte per E-Mail beim Dozenten erfragen",BLO,WI3,Buchführung,BUF,BLODE,"<p dir=""ltr"" style=""text-align:left;""></p><p dir=""ltr"">Weitere Infos zu den Lehrveranstaltungen der Fakultät IV finden SIe unter: <br /><a href=""https://moodle.hs-hannover.de/course/view.php?id=2446"" target=""_blank"" rel=""noreferrer noopener"">https://moodle.hs-hannover.de/course/view.php?id=2446</a></p><p dir=""ltr""><br /></p><br /><p></p>"," "," ",
"Bitte per E-Mail beim Dozenten erfragen",BLO,WT3,Buchführung,BUF,BLODE,"<p dir=""ltr"" style=""text-align:left;""></p><p dir=""ltr"">Weitere Infos zu den Lehrveranstaltungen der Fakultät IV finden SIe unter: <br /><a href=""https://moodle.hs-hannover.de/course/view.php?id=2446"" target=""_blank"" rel=""noreferrer noopener"">https://moodle.hs-hannover.de/course/view.php?id=2446</a></p><p dir=""ltr""><br /></p><br /><p></p>"," "," ",
"Bitte per E-Mail beim Dozenten erfragen",PLU,WB2,Buerg.Recht,BUR,"PLUMEYER  ","<p dir=""ltr"" style=""text-align:left;"">Weitere Infos zu den Lehrveranstaltungen der Fakultät IV finden SIe unter: <br /><a href=""https://moodle.hs-hannover.de/course/view.php?id=2446"" target=""_blank"" rel=""noreferrer noopener"">https://moodle.hs-hannover.de/course/view.php?id=2446</a><br /></p>"," "," ",
"Bitte per E-Mail beim Dozenten erfragen",PLU,WI4,Buerg.Recht,BUR,"PLUMEYER  ","<p dir=""ltr"" style=""text-align:left;""></p><p dir=""ltr"">Weitere Infos zu den Lehrveranstaltungen der Fakultät IV finden SIe unter: <br /><a href=""https://moodle.hs-hannover.de/course/view.php?id=2446"" target=""_blank"" rel=""noreferrer noopener"">https://moodle.hs-hannover.de/course/view.php?id=2446</a></p><p dir=""ltr""><br /></p><br /><p></p>"," "," ",
ReStMuWiSe2425,BAU,VM2,BetriebMulticopter,BVM,"BAUER   ",," ","https://moodle.hs-hannover.de/course/view.php?id=27009 ",
"Bitte per E-Mail beim Dozenten erfragen",WIE,WI2,Grs.ent.BWL,BWL,"WIESE     ","<div>Weitere Infos zu den Lehrveranstaltungen der Fakultät IV finden SIe unter: </div><div><a href=""https://moodle.hs-hannover.de/course/view.php?id=2446"" target=""_blank"" rel=""noreferrer noopener"">https://moodle.hs-hannover.de/course/view.php?id=2446</a></div>"," "," ",
"Bitte per E-Mail beim Dozenten erfragen",WIE,WT1,Grs.ent.BWL,BWL,"WIESE     ","<p dir=""ltr"" style=""text-align:left;""></p><p dir=""ltr"">Weitere Infos zu den Lehrveranstaltungen der Fakultät IV finden SIe unter: <br /><a href=""https://moodle.hs-hannover.de/course/view.php?id=2446"" target=""_blank"" rel=""noreferrer noopener"">https://moodle.hs-hannover.de/course/view.php?id=2446</a></p><p dir=""ltr""><br /></p><br /><p></p>"," "," ",
"Wird nicht benötigt, Unterlagen extern.",SCA,AM5,Beweg.tech1,BWT1,SCHARMANN,"<p dir=""ltr"" style=""text-align:left;"">Zusätzliche Dokumente (Skript, Aufgaben mit Lösungen, alte Klausuren, 
Musterlösungen dazu) unter „Weiterer Link“. Alle Angaben gelten genauso für meine anderen Kurse im gleichen Fach.<br /></p><br /><p></p>","https://my.hidrive.com/share/g5iyuruvfi ","https://my.hidrive.com/share/fqy7ygvfk5 ",
,SCA,II5,Beweg.tech1,BWT1,SCHARMANN,," "," ",
"Bitte per E-Mail beim Dozenten erfragen",BUC,KT5,"CAD 2",CA2D,"BUCEVIC ",," "," ",
"Wird in der ersten Laborstunde bekannt gegeben",BER,VE4,"CAD 2",CA2V,BERTRAM,"<p dir=""ltr"" style=""text-align:left;"">Das Labor startet am Mittwoch, d. 25.09.2024 um 14:00 Uhr <br /></p><p dir=""ltr"" style=""text-align:left;"">Details folgen (für vorangemeldete Studierende) in einer gesonderten Mail in der KW38<br /></p>"," ","https://moodle.hs-hannover.de/course/view.php?id=26620 ",
"Wird in der ersten Vorlesungsstunde bekannt gegeben",BER,WP2,CAD-Anwend,CAA,BERTRAM,"<p dir=""ltr"" style=""text-align:left;"">Die Veranstaltung startet am Donnerstag, d. 26.09.2024 um 14:00<br /></p><p dir=""ltr"" style=""text-align:left;""><br /></p><p dir=""ltr"" style=""text-align:left;""><br /></p>"," ","https://moodle.hs-hannover.de/course/view.php?id=26622 ",
"Bitte per E-Mail beim Dozenten erfragen",BUC,II2,"CAD 1",CAD1,"BUCEVIC ",," "," ",
"Bitte per E-Mail beim Dozenten erfragen",BUC,KT3,"CAD 1",CAD1,"BUCEVIC ",," "," ",
"Wird in der ersten Laborstunde bekannt gegeben",BER,M2A,"CAD 1",CAD1,BERTRAM,"<p dir=""ltr"" style=""text-align:left;""></p><p>Das Labor startet am Freitag, d. 27.09.2024 um 10:00 Uhr. Eine Laborteilnahme ohne Anwesenheit in der ersten Stunde ist ausnahmslos nicht möglich! </p>

<p>Details folgen (für vorangemeldete Studierende) in einer gesonderten Mail in der KW38</p><br /><p></p>"," ","https://moodle.hs-hannover.de/course/view.php?id=26621 ",
"Bitte per E-Mail beim Dozenten erfragen",BUC,MT3,"CAD 1",CAD1,"BUCEVIC ",," "," ",
"Bitte per E-Mail beim Dozenten erfragen",BUC,PT3,"CAD 1",CAD1,"BUCEVIC ",," "," ",
"Wird in der ersten Laborstunde bekannt gegeben",BER,VE2,"CAD 1",CAD1,BERTRAM,"<p dir=""ltr"" style=""text-align:left;""></p><p>Das Labor startet am Freitag, d. 
27.09.2024 um 10:00 Uhr. Eine Laborteilnahme ohne Anwesenheit in der 
ersten Stunde ist ausnahmslos nicht möglich! </p>

<p>Details folgen (für vorangemeldete Studierende) in einer gesonderten Mail in der KW38</p><br /><p></p>"," ","https://moodle.hs-hannover.de/course/view.php?id=26621 ",
"Bitte per E-Mail beim Dozenten erfragen",BUC,WI3,"CAD 1",CAD1,"BUCEVIC ",," "," ",
"Wird in der ersten Laborstunde bekannt gegeben",BER,XF1,"CAD 1",CAD1,BERTRAM,"<p dir=""ltr"" style=""text-align:left;""></p><p>Das Labor startet am Donnerstag, d. 
27.09.2024. Eine Laborteilnahme ohne Anwesenheit in der 
ersten Stunde ist <strong><u>ausnahmslos</u></strong> nicht möglich! </p>

<p>Details folgen in einer gesonderten Mail in der KW38</p><br /><p></p>"," ","https://moodle.hs-hannover.de/course/view.php?id=26621 ",
"Bitte per E-Mail beim Dozenten erfragen",BUC,AM4,"CAD 2",CAD2,"BUCEVIC ",," "," ",
yxcvbn2425,SAL,II3,"CAD 2",CAD2,SZALWICKI,," ","https://moodle.hs-hannover.de/course/view.php?id=26590 ",
1537,WAD,PS4,"CAD/CAM 1",CAM1,WALDT,," ","https://moodle.hs-hannover.de/course/view.php?id=27215 ",
BKC-2024-25,SAK,M1A,ChemieUnterst,CBK,SAKUTH,," ","https://moodle.hs-hannover.de/course/view.php?id=27232 ",
BKC-2024-25,SAK,M1B,ChemieUnterst,CBK,SAKUTH,," ","https://moodle.hs-hannover.de/course/view.php?id=27232 ",
BKC-2024-25,SAK,VE1,ChemieUnterst,CBK,SAKUTH,," ","https://moodle.hs-hannover.de/course/view.php?id=27232 ",
BKC-2024-25,SAK,WI1,ChemieUnterst,CBK,SAKUTH,," ","https://moodle.hs-hannover.de/course/view.php?id=27232 ",
FEM2024,AND,ME2,"Computerorient. Berechnung Labor",CBL,ANDRE,"<p dir=""ltr"" style=""text-align:left;"">Verbindliche Anmeldung zum Labor: Donnerstag, 10.10.2024 ab 14:00 Uhr im Raum 1B.2.41 (FEM-Labor).<br />Zu diesem Termin besteht Anwesenheitspflicht!<br /></p>"," ","https://moodle.hs-hannover.de/course/view.php?id=26915 ",
Wriggers,PFU,ME2,Compor.BerV,CBV,PFULLMANN,," ","https://moodle.hs-hannover.de/course/view.php?id=27242 ",
NavierStokes,SMI,VM4,CFD-Labor,CFL,SCHMITT,," ","https://moodle.hs-hannover.de/course/view.php?id=26927 ",
1967,KLA,ME2,CompgestAus,CGA,KLAWITTER,," ","https://moodle.hs-hannover.de/course/view.php?id=4616 ",
Reaktion,KOE,M1A,Chemie,CHE,KOEHLER,,"https://moodle.hs-hannover.de/course/view.php?id=27249 Vorlesung","https://moodle.hs-hannover.de/course/view.php?id=27253 Labor",
Reaktion,KOE,M1B,Chemie,CHE,KOEHLER,,"https://moodle.hs-hannover.de/course/view.php?id=27249 Vorlesung","https://moodle.hs-hannover.de/course/view.php?id=27252 Labor",
Reaktion,KOE,VE1,Chemie,CHE,KOEHLER,,"https://moodle.hs-hannover.de/course/view.php?id=27249 Vorlesung","https://moodle.hs-hannover.de/course/view.php?id=27252 Labor",
Reaktion,KOE,WI1,Chemie,CHE,KOEHLER,,"https://moodle.hs-hannover.de/course/view.php?id=27249 Vorlesung","https://moodle.hs-hannover.de/course/view.php?id=27230 Labor",
C-Achse,BOD,PS4,CNC-Techn.1,CNC1,BODE,," ","https://moodle.hs-hannover.de/course/view.php?id=27506 ",
C-Achse,BOD,PT5,CNC-Techn.1,CNC1,BODE,," ","https://moodle.hs-hannover.de/course/view.php?id=27506 ",
Backup,BOD,PS4,"CNC-Labor 1",CNL1,BODE,," ","https://moodle.hs-hannover.de/course/view.php?id=27509 ",
Backup,BOD,PT5,"CNC-Labor 1",CNL1,BODE,," ","https://moodle.hs-hannover.de/course/view.php?id=27509 ",
"Bitte per E-Mail beim Dozenten erfragen",XYZ,2+3,Deutsch,DEU,UNBEKANNT,," "," ",
wise24,MAR,VM2,Deep.Neur.N,DNN,MARCARD,," ","https://moodle.hs-hannover.de/course/view.php?id=27227 ",
wise24,MAR,XA5,"Data Sci. 2",DSC2,MARCARD,," ","https://moodle.hs-hannover.de/course/view.php?id=27214 ",
"Bitte per E-Mail beim Dozenten erfragen",STB,ID5,Dig.tec.u.Mikro.,DTM,STREITENBER,," "," ",
"Bitte per E-Mail beim Dozenten erfragen",STB,MT3,Dig.tec.u.Mikro.,DTM,STREITENBER,," "," ",
BPT_WiSe2425,NAD,VM6,Einf.BioPrT,EBP,NADOLNY,"<p dir=""ltr"" style=""text-align:left;""></p><p dir=""ltr"">Start: Donnerstag 26.09., 10Uhr, Raum nach Stundenplan 1B.1.21<br /></p><p dir=""ltr"">Anwesenheitspflicht, da Sicherheitseinweisung!</p><br /><p></p>"," ","https://moodle.hs-hannover.de/course/view.php?id=27165 ",
wise24,GRA,VM2,EngDeepNets,EDN,GRAEF,," ","https://moodle.hs-hannover.de/course/view.php?id=27227 ",
Biegelinie,PFU,AM4,Erw.Festleh,EFE,PFULLMANN,," ","https://moodle.hs-hannover.de/course/view.php?id=27240 ",
Biegelinie,PFU,II4,Erw.Festleh,EFE,PFULLMANN,," ","https://moodle.hs-hannover.de/course/view.php?id=27240 ",
Biegelinie,PFU,PS4,Erw.Festleh,EFE,PFULLMANN,," ","https://moodle.hs-hannover.de/course/view.php?id=27240 ",
2024_Winter,DIR,PM2,"Elem Fertpl",EFT,DIERSEN,," ","https://moodle.hs-hannover.de/course/view.php?id=27385 ",
LZ84UwK,FRA,AM4,"Elektr Antr",ELA,FRAEGER,," ","https://moodle.hs-hannover.de/course/view.php?id=27289 ",
LZ84UwK,QUA,ID5,"Elektr Antr",ELA,QUATTRONE,," ","https://moodle.hs-hannover.de/course/view.php?id=27289 ",
LZ84UwK,QUA,MT5,"Elektr Antr",ELA,QUATTRONE,," ","https://moodle.hs-hannover.de/course/view.php?id=27289 ",
LZ84UwK,FRA,PS4,"Elektr Antr",ELA,FRAEGER,," ","https://moodle.hs-hannover.de/course/view.php?id=27289 ",
LZ84UwK,QUA,VE4,"Elektr Antr",ELA,QUATTRONE,," ","https://moodle.hs-hannover.de/course/view.php?id=27289 ",
LZ84UwK,GIL,ID1,ElektroTe,ELT,"GILCH     ",," ","https://moodle.hs-hannover.de/course/view.php?id=27281 ",
LZ84UwK,HOS,II1,ElektroTe,ELT,HOFSCHULTE,," ","https://moodle.hs-hannover.de/course/view.php?id=27281 ",
LZ84UwK,HOS,M1A,ElektroTe,ELT,HOFSCHULTE,," ","https://moodle.hs-hannover.de/course/view.php?id=27281 ",
LZ84UwK,QUA,M1B,ElektroTe,ELT,QUATTRONE,," ","https://moodle.hs-hannover.de/course/view.php?id=27281 ",
LZ84UwK,GIL,MT1,ElektroTe,ELT,"GILCH     ",," ","https://moodle.hs-hannover.de/course/view.php?id=27281 ",
LZ84UwK,QUA,VE1,ElektroTe,ELT,QUATTRONE,," ","https://moodle.hs-hannover.de/course/view.php?id=27281 ",
LZ84UwK,FRA,WI1,ElektroTe,ELT,FRAEGER,," ","https://moodle.hs-hannover.de/course/view.php?id=27281 ",
Kyoto1997,MEY,VM3,EnergSp.uTr,EST,MEYER,," ","https://moodle.hs-hannover.de/course/view.php?id=27228 ",
"Bitte per E-Mail beim Dozenten erfragen",BLO,WI4,"Extern. Rec",EXR,BLODE,"<p dir=""ltr"">Weitere Infos zu den Lehrveranstaltungen der Fakultät IV finden SIe unter: <br /><a href=""https://moodle.hs-hannover.de/course/view.php?id=2446"" target=""_blank"" rel=""noreferrer noopener"">https://moodle.hs-hannover.de/course/view.php?id=2446</a></p><p dir=""ltr""><br /></p>"," "," ",
Struktur&Layout,BEG,PS5,Fabrikplanung,FAP,BEGEMANN,," ","https://moodle.hs-hannover.de/course/view.php?id=27263 ",
Struktur&Layout,BEG,VM1,Fabrikplanung,FAP,BEGEMANN,," ","https://moodle.hs-hannover.de/course/view.php?id=27263 ",
Struktur&Layout,BEG,WI5,Fabrikplanung,FAP,BEGEMANN,," ","https://moodle.hs-hannover.de/course/view.php?id=27263 ",
Ansatzfunktion,CLS,AM4,FinitEl-L1,FEL1,CLASEN,," ","https://moodle.hs-hannover.de/course/view.php?id=27045 ",
Ansatzfunktion,WIM,II4,FinitEl-L1,FEL1,WITTMAACK,," ","https://moodle.hs-hannover.de/course/view.php?id=27045 ",
Ansatzfunktion,CLS,MT5,FinitEl-L1,FEL1,CLASEN,," ","https://moodle.hs-hannover.de/course/view.php?id=27045 ",
Ansatzfunktion,WIM,PS4,FinitEl-L1,FEL1,WITTMAACK,," ","https://moodle.hs-hannover.de/course/view.php?id=27045 ",
Ansatzfunktion,CLS,XA5,FinitEl-L1,FEL1,CLASEN,," ","https://moodle.hs-hannover.de/course/view.php?id=27045 ",
Zeitintegration,WIM,VM4,FinitEl-L2,FEL2,WITTMAACK,," ","https://moodle.hs-hannover.de/course/view.php?id=27497 ",
Newton2024,AND,AM4,"Finite-Elemente-Methode 1",FEM1,ANDRE,," ","https://moodle.hs-hannover.de/course/view.php?id=26913 ",ja
Newton2024,AND,II4,"Finite-Elemente-Methode 1",FEM1,ANDRE,," ","https://moodle.hs-hannover.de/course/view.php?id=26913 ",
Newton2024,AND,MT5,"Finite-Elemente-Methode 1",FEM1,ANDRE,," ","https://moodle.hs-hannover.de/course/view.php?id=26913 ",
Newton2024,AND,PS4,"Finite-Elemente-Methode 1",FEM1,ANDRE,," ","https://moodle.hs-hannover.de/course/view.php?id=26913 ",
Newton2024,AND,XA5,"Finite-Elemente-Methode 1",FEM1,ANDRE,," ","https://moodle.hs-hannover.de/course/view.php?id=26913 ",
Newton,CLS,VM4,"Finit.El. 2",FEM2,CLASEN,," ","https://moodle.hs-hannover.de/course/view.php?id=27313 ",
Schubspannung,PFU,II2,Festigkeit,FES,PFULLMANN,," ","https://moodle.hs-hannover.de/course/view.php?id=27241 ",ja
Schubspannung,PFU,M2A,Festigkeit,FES,PFULLMANN,," ","https://moodle.hs-hannover.de/course/view.php?id=27241 ",ja
Schubspannung,PFU,VE2,Festigkeit,FES,PFULLMANN,," ","https://moodle.hs-hannover.de/course/view.php?id=27241 ",
Schubspannung,PFU,WI2,Festigkeit,FES,PFULLMANN,," ","https://moodle.hs-hannover.de/course/view.php?id=27241 ",
Zeta,MEY,VE4,FördanlFlui,FFF,MEYER,," ","https://moodle.hs-hannover.de/course/view.php?id=27231 ",
Zeta,MEY,VM4,FördanlFlui,FFF,MEYER,," ","https://moodle.hs-hannover.de/course/view.php?id=27231 ",
mbau,STH,AM4,Förd.u.HTL,FHL,STAHL,," ","https://moodle.hs-hannover.de/course/edit.php?id=16730 ",
mbau,STH,PS5,Förd.u.HTL,FHL,STAHL,," ","https://moodle.hs-hannover.de/course/edit.php?id=16730 ",
mbau,STH,WI5,Förd.u.HTL,FHL,STAHL,," ","https://moodle.hs-hannover.de/course/edit.php?id=16730 ",
FHT,STH,AM4,Förd.u.HT,FHT,STAHL,," ","https://moodle.hs-hannover.de/course/view.php?id=25872 ",
FHT,STH,PS5,Förd.u.HT,FHT,STAHL,," ","https://moodle.hs-hannover.de/course/view.php?id=25872 ",
FHT,STH,WI5,Förd.u.HT,FHT,STAHL,," ","https://moodle.hs-hannover.de/course/view.php?id=25872 ",
"Bitte per E-Mail beim Dozenten erfragen",HNZ,WI3,Finanzwirt.,FIW,HENZE,"<p dir=""ltr"" style=""text-align:left;""></p><p dir=""ltr"">Weitere Infos zu den Lehrveranstaltungen der Fakultät IV finden SIe unter: <br /><a href=""https://moodle.hs-hannover.de/course/view.php?id=2446"" target=""_blank"" rel=""noreferrer noopener"">https://moodle.hs-hannover.de/course/view.php?id=2446</a></p><p dir=""ltr""><br /></p><br /><p></p>"," "," ",
"Bitte per E-Mail beim Dozenten erfragen",HNZ,WT3,Finanzwirt.,FIW,HENZE,"<p dir=""ltr"" style=""text-align:left;""></p><p dir=""ltr"">Weitere Infos zu den Lehrveranstaltungen der Fakultät IV finden SIe unter: <br /><a href=""https://moodle.hs-hannover.de/course/view.php?id=2446"" target=""_blank"" rel=""noreferrer noopener"">https://moodle.hs-hannover.de/course/view.php?id=2446</a></p><p dir=""ltr""><br /></p><br /><p></p>"," "," ",
Nonius,GRA,PS5,Fertig.MT-L,FML,GRAEF,"<br /><p></p>"," ","https://moodle.hs-hannover.de/course/view.php?id=27223 ",
Nonius,GRA,VM1,Fertig.MT-L,FML,GRAEF,," ","https://moodle.hs-hannover.de/course/view.php?id=27223 ",
2024_WS_IMT,SCH,PM2,FerttechCAE,FTC,SCHNEIDER,," ","https://moodle.hs-hannover.de/course/view.php?id=26851 ",
"Wird in der ersten Laborstunde bekannt gegeben",BER,VE4,FliesbildVe,FVA,BERTRAM,"<p dir=""ltr"" style=""text-align:left;""></p><p>Das Labor startet am Mittwoch, d. 
25.09.2024 um 10:00 Uhr. <br /></p>

<p>Details folgen (für vorangemeldete Studierende) in einer gesonderten Mail in der KW38</p><br /><p></p>"," ","https://moodle.hs-hannover.de/course/view.php?id=26619 ",
1537,WAD,ME2,Fahrzeugsi,FZS,WALDT,," ","https://moodle.hs-hannover.de/course/view.php?id=27216 ",
"Bitte per E-Mail beim Dozenten erfragen",GAD,ME2,Fahrzeugtec,FZT,"GADAU     ",," "," ",
"Bitte per E-Mail beim Dozenten erfragen",JAK,MT3,Grundl.Bauele.,GBA,JAKOBLEW,," "," ",
wise24hsh,CAK,ID1,"Grundl Inf",GLI,CAKAR,," ","https://moodle.hs-hannover.de/course/view.php?id=27481 ",
wise24hsh,CAK,II1,"Grundl Inf",GLI,CAKAR,," ","https://moodle.hs-hannover.de/course/view.php?id=27481 ",
wise24hsh,CAK,MT1,"Grundl Inf",GLI,CAKAR,," ","https://moodle.hs-hannover.de/course/view.php?id=27481 ",
Fak1,BUR,XA1,"Grundl Inf",GLI,BURDA,," ","https://moodle.hs-hannover.de/course/view.php?id=27520 ",
Globalisierung,BEG,PE2,GlobProdSou,GSO,BEGEMANN,," ","https://moodle.hs-hannover.de/course/view.php?id=27466 ",
Globalisierung,BEG,PM2,GlobProdSou,GSO,BEGEMANN,," ","https://moodle.hs-hannover.de/course/view.php?id=27466 ",
"Bitte per E-Mail beim Dozenten erfragen",DUE,VE4,GrdlThermVe,GTV,DUETTMANN,," ","https://moodle.hs-hannover.de/course/view.php?id=27209 ",
"Bitte per E-Mail beim Dozenten erfragen",DUE,VM3,GrdlThermVe,GTV,DUETTMANN,," ","https://moodle.hs-hannover.de/course/view.php?id=27209 ",
LaborGVT_2425,JAS,VE4,"GrdlVerft L",GVL,JANSEN,," ","https://moodle.hs-hannover.de/course/view.php?id=27208 ",
LaborGVT_2425,JAS,VM3,"GrdlVerft L",GVL,JANSEN,," ","https://moodle.hs-hannover.de/course/view.php?id=27208 ",
WiSe2425,PFA,ID1,Grd.Werkstk.,GWK,PFAHL,," ","https://moodle.hs-hannover.de/course/view.php?id=26793 ",
WiSe2024,BIL,II1,Grd.Werkstk.,GWK,BILGEN,," ","https://moodle.hs-hannover.de/course/view.php?id=26719 ",
WiSe2425,PFA,KT1,Grd.Werkstk.,GWK,PFAHL,," ","https://moodle.hs-hannover.de/course/view.php?id=26793 ",
WiSe2024,BIL,M1A,Grd.Werkstk.,GWK,BILGEN,," ","https://moodle.hs-hannover.de/course/view.php?id=26719 ",
WiSe2024,BIL,M1B,Grd.Werkstk.,GWK,BILGEN,," ","https://moodle.hs-hannover.de/course/view.php?id=26719 ",
WiSe2425,PFA,MT1,Grd.Werkstk.,GWK,PFAHL,," ","https://moodle.hs-hannover.de/course/view.php?id=26793 ",
WiSe2425,PFA,PT1,Grd.Werkstk.,GWK,PFAHL,," ","https://moodle.hs-hannover.de/course/view.php?id=26793 ",
WiSe2024,BIL,VE1,Grd.Werkstk.,GWK,BILGEN,," ","https://moodle.hs-hannover.de/course/view.php?id=26719 ",
WiSe2024,BIL,WI2,Grd.Werkstk.,GWK,BILGEN,," ","https://moodle.hs-hannover.de/course/view.php?id=26719 ",
WiSe2425,PFA,WT3,Grd.Werkstk.,GWK,PFAHL,," ","https://moodle.hs-hannover.de/course/view.php?id=26793 ",
WiSe2425,PFA,XBV,Grd.Werkstk.,GWK,PFAHL,," ","https://moodle.hs-hannover.de/course/view.php?id=26799 ",
"Bitte per E-Mail beim Dozenten erfragen",PLU,WB2,Han.Ges.Rec,HGR,"PLUMEYER  ","<p dir=""ltr"" style=""text-align:left;"">Weitere Infos zu den Lehrveranstaltungen der Fakultät IV finden SIe unter: <br /><a href=""https://moodle.hs-hannover.de/course/view.php?id=2446"" target=""_blank"" rel=""noreferrer noopener"">https://moodle.hs-hannover.de/course/view.php?id=2446</a><br /></p>"," "," ",
"Bitte per E-Mail beim Dozenten erfragen",PLU,WI4,Han.Ges.Rec,HGR,"PLUMEYER  ","<p dir=""ltr"" style=""text-align:left;""></p><p dir=""ltr"">Weitere Infos zu den Lehrveranstaltungen der Fakultät IV finden SIe unter: <br /><a href=""https://moodle.hs-hannover.de/course/view.php?id=2446"" target=""_blank"" rel=""noreferrer noopener"">https://moodle.hs-hannover.de/course/view.php?id=2446</a></p><p dir=""ltr""><br /></p><br /><p></p>"," "," ",
WiSe24_25,STL,WP2,Hochlstwst,HLW,STILLER,," ","https://moodle.hs-hannover.de/course/view.php?id=26715 ",
RungeKutta,GOT,PE2,"Höhere Math",HMA,GOTTSCHLICH,," ","https://moodle.hs-hannover.de/course/view.php?id=26928 ",
RungeKutta,GOT,PM2,"Höhere Math",HMA,GOTTSCHLICH,," ","https://moodle.hs-hannover.de/course/view.php?id=26928 ",
Hooke2024,AND,ME2,"Höhere Mechanik 2",HME2,ANDRE,," ","https://moodle.hs-hannover.de/course/view.php?id=26914 ",
HuP-HsH,STR,KT5,Hydr.u.Pneu,HUP,STRACHE,," ","https://moodle.hs-hannover.de/course/view.php?id=25242 ",
HuP-HsH,STR,PS4,Hydr.u.Pneu,HUP,STRACHE,," ","https://moodle.hs-hannover.de/course/view.php?id=25242 ",
HuP-HsH,STR,VM4,Hydr.u.Pneu,HUP,STRACHE,," ","https://moodle.hs-hannover.de/course/view.php?id=25242 ",
,HUK,ET6,Heiz.t.Kraftw.,HZK,HUCK,," ","https://moodle.hs-hannover.de/course/view.php?id=26709 ",
,HUK,VM5,Heiz.t.Kraftw.,HZK,HUCK,," ","https://moodle.hs-hannover.de/course/view.php?id=26709 ",
,HUK,VM7,Heiz.t.Kraftw.,HZK,HUCK,," ","https://moodle.hs-hannover.de/course/view.php?id=26709 ",
"Bitte per E-Mail beim Dozenten erfragen",NIM,MT3,Ind.Bussyst,IBS,NIEMANN,," "," ",
"Bitte per E-Mail beim Dozenten erfragen",SHN,ME2,IntegrCADB2,ICB2,SHEN,," "," ",
DEAL,NOW,WI4,Inform.besch.,IFB,"NOWAK   ",," ","https://moodle.hs-hannover.de/enrol/index.php?id=26990 ",
wise24,MAR,PE2,IngenieurInf.,IIFP,MARCARD,," ","https://moodle.hs-hannover.de/course/view.php?id=27213 ",
wise24,MAR,PM2,IngenieurInf.,IIFP,MARCARD,," ","https://moodle.hs-hannover.de/course/view.php?id=27213 ",
wise24,MAR,PE2,IngenieurInf.,IIFS,MARCARD,," ","https://moodle.hs-hannover.de/course/view.php?id=27213 ",
wise24,MAR,PM2,IngenieurInf.,IIFS,MARCARD,," ","https://moodle.hs-hannover.de/course/view.php?id=27213 ",
"Bitte per E-Mail beim Dozenten erfragen",ANM,AM6,KostenInvRe,IKR,ANGERMANN,," "," ",
"Bitte per E-Mail beim Dozenten erfragen",ANM,II2,KostenInvRe,IKR,ANGERMANN,," "," ",
"Bitte per E-Mail beim Dozenten erfragen",ANM,MT5,KostenInvRe,IKR,ANGERMANN,," "," ",
"Bitte per E-Mail beim Dozenten erfragen",ANM,PS5,KostenInvRe,IKR,ANGERMANN,," "," ",
LwNinfVkrq202425,FUX,KT3,Informatik,INF,FUCHS,"<p dir=""ltr"" style=""text-align:left;"">Informatik-Vorlesung<br /></p>"," ","https://moodle.hs-hannover.de/course/view.php?id=27040 ",
LwNinfVkrq202425,FUX,M2A,Informatik,INF,FUCHS,"Informatik-Vorlesung<br />"," ","https://moodle.hs-hannover.de/course/view.php?id=27040 ",
LwNinfVkrq202425,FUX,PT3,Informatik,INF,FUCHS,"<p dir=""ltr"" style=""text-align:left;"">Informatik-Vorlesung<br /></p>"," ","https://moodle.hs-hannover.de/course/view.php?id=27040 ",
LwNinfVkrq202425,FUX,VE2,Informatik,INF,FUCHS,"<p dir=""ltr"" style=""text-align:left;"">Informatik-Vorlesung<br /></p>"," ","https://moodle.hs-hannover.de/course/view.php?id=27040 ",
LwNinfVkrq202425,FUX,WI2,Informatik,INF,FUCHS,"<p dir=""ltr"" style=""text-align:left;"">Informatik-Vorlesung<br /></p>"," ","https://moodle.hs-hannover.de/course/view.php?id=27040 ",
LwNinfVkrq202425,FUX,WT1,Informatik,INF,FUCHS,"<p dir=""ltr"" style=""text-align:left;"">Informatik-Vorlesung<br /></p>"," ","https://moodle.hs-hannover.de/course/view.php?id=27040 ",
"Bitte per E-Mail beim Dozenten erfragen",PFE,M3A,Int.kul.Komp.,INK,PFEIFFER,," "," ",
"Bitte per E-Mail beim Dozenten erfragen",PFE,M3B,Int.kul.Komp.,INK,PFEIFFER,," "," ",
"Bitte per E-Mail beim Dozenten erfragen",PFE,VE3,Int.kul.Komp.,INK,PFEIFFER,," "," ",
"Bitte per E-Mail beim Dozenten erfragen",PFE,WI5,Int.kul.Komp.,INK,PFEIFFER,," "," ",
"Bitte per E-Mail beim Dozenten erfragen",GRM,M3A,"Inform. L",INL,GRÜNEMAIER,," ","https://moodle.hs-hannover.de/course/view.php?id=27339 Informatik Labor für M3A und VE3",
wise24hsh,CAK,M3B,"Inform. L",INL,CAKAR,," ","https://moodle.hs-hannover.de/course/view.php?id=27483 ",
"Bitte per E-Mail beim Dozenten erfragen",GRM,VE3,"Inform. L",INL,GRÜNEMAIER,," ","https://moodle.hs-hannover.de/course/view.php?id=27339 Informatik Labor für M3A und VE3",
hP3ginfLWi_2425,FUX,WI3,"Inform. L",INL,FUCHS,"<p dir=""ltr"" style=""text-align:left;"">Informatik-Labor<br /></p>"," ","https://moodle.hs-hannover.de/course/view.php?id=27041 ",
"Bitte per E-Mail beim Dozenten erfragen",BLO,WI4,"Intern. Rec",INR,BLODE,"<p dir=""ltr"" style=""text-align:left;""></p><p dir=""ltr"">Weitere Infos zu den Lehrveranstaltungen der Fakultät IV finden SIe unter: <br /><a href=""https://moodle.hs-hannover.de/course/view.php?id=2446"" target=""_blank"" rel=""noreferrer noopener"">https://moodle.hs-hannover.de/course/view.php?id=2446</a></p><p dir=""ltr""><br /></p><br /><p></p>"," "," ",
IPMWI2425,WIN,AM5,IntProjMgm,IPM,WINTER,," ","https://moodle.hs-hannover.de/course/view.php?id=27526 ",
IntProjektmgmt_Spengler,SPE,II4,IntProjMgm,IPM,SPENGLER,," ","https://moodle.hs-hannover.de/course/view.php?id=27146 ",
IPMWI2425,WIN,PS5,IntProjMgm,IPM,WINTER,," ","https://moodle.hs-hannover.de/course/view.php?id=27526 ",
IntProjektmgmt_Spengler,SPE,VE5,IntProjMgm,IPM,SPENGLER,," ","https://moodle.hs-hannover.de/course/view.php?id=27146 ",
Fak2,SCK,WI5,IntProjMgm,IPM,SCHINKE,," ","https://moodle.hs-hannover.de/course/view.php?id=26979 Internationales Projektmanagement, WiSe 2024/25, Schinke",
IntProjektmgmt_Spengler,SPE,XA5,IntProjMgm,IPM,SPENGLER,," ","https://moodle.hs-hannover.de/course/view.php?id=27146 ",
IndustrialRelations,MAI,WI5,IndustRel,IRE,MAINKA,," ","https://moodle.hs-hannover.de/enrol/index.php?id=27141 ",
IRO_WiSe_24/25,STK,VM2,"Roboter L",IRL,STUECKELM,," ","https://moodle.hs-hannover.de/course/view.php?id=26961 ",
RotWiSe2425,HOS,PT5,Robotertech,IRO,HOFSCHULTE,," ","https://moodle.hs-hannover.de/course/view.php?id=27015 ",
RotWiSe2425,HOS,VM2,Robotertech,IRO,HOFSCHULTE,," ","https://moodle.hs-hannover.de/course/view.php?id=27015 ",
,HUK,ET6,Kältetechn,KAT,HUCK,," ","https://moodle.hs-hannover.de/course/view.php?id=26711 ",
,HUK,VM3,Kältetechn,KAT,HUCK,," ","https://moodle.hs-hannover.de/course/view.php?id=26711 ",
,HUK,VM7,Kältetechn,KAT,HUCK,," ","https://moodle.hs-hannover.de/course/view.php?id=26711 ",
WiSe2425,PFA,II1,Konstr.Grl.,KGR,PFAHL,," ","https://moodle.hs-hannover.de/course/view.php?id=26794 ",
WiSe2425,PFA,M1A,Konstr.Grl.,KGR,PFAHL,," ","https://moodle.hs-hannover.de/course/view.php?id=26794 ",
"Bitte per E-Mail beim Dozenten erfragen",WTH,M1B,Konstr.Grl.,KGR,"WOLF      ",," "," ",
"Bitte per E-Mail beim Dozenten erfragen",WTH,VE1,Konstr.Grl.,KGR,"WOLF      ",," "," ",
"wird in der Vorlesung mitgeteilt",LUI,WI2,Konstr.Grl.,KGR,LUIG,," ","https://moodle.hs-hannover.de/course/view.php?id=27005 Konstruktionsgrundlagen - WI2, WiSe 2024/25, Luig",
WiSe2425,PFA,XBV,Konstr.Grl.,KGR,PFAHL,," ","https://moodle.hs-hannover.de/course/view.php?id=26794 ",
Passfeder2024/25,JAE,XF1,Konstr.Grl.,KGR,JAENEN,," ","https://moodle.hs-hannover.de/course/view.php?id=27485 ",
"Wird nicht benötigt, Unterlagen extern.",SCA,ID3,Kinematik,KIN,SCHARMANN,"<p dir=""ltr"" style=""text-align:left;"">Zusätzliche Dokumente (Aufgaben mit Lösungen) unter „Weiterer Link“. Alle Angaben gelten genauso für meine anderen Kurse im gleichen Fach.<br /></p><p></p><p></p><p dir=""ltr"" style=""text-align:left;""><br /></p>","https://my.hidrive.com/share/g5iyuruvfi ","https://my.hidrive.com/share/3jh5fca0qh ",
Ki_WiSe2425,HET,II3,Kinematik,KIN,HENTSCHEL,," ","https://moodle.hs-hannover.de/course/view.php?id=27445 ",
,SCA,KT3,Kinematik,KIN,SCHARMANN,," "," ",
Ki_WiSe2425,HET,M3A,Kinematik,KIN,HENTSCHEL,," ","https://moodle.hs-hannover.de/course/view.php?id=27445 ",
Ki_WiSe2425,HET,M3B,Kinematik,KIN,HENTSCHEL,," ","https://moodle.hs-hannover.de/course/view.php?id=27445 ",
,SCA,MT3,Kinematik,KIN,SCHARMANN,," "," ",
,SCA,PT3,Kinematik,KIN,SCHARMANN,," "," ",
Ki_WiSe2425,HET,VE3,Kinematik,KIN,HENTSCHEL,," ","https://moodle.hs-hannover.de/course/view.php?id=27445 ",
KINHk2425,HEK,WI3,Kinematik,KIN,HENKEN,," ","https://moodle.hs-hannover.de/course/view.php?id=26651 ",
,SCA,WT3,Kinematik,KIN,SCHARMANN,," "," ",
Ki_WiSe2425,HET,XF1,Kinematik,KIN,HENTSCHEL,," ","https://moodle.hs-hannover.de/course/view.php?id=27445 ",
,HUK,ET6,KalteKlimaL,KKL,HUCK,," ","https://moodle.hs-hannover.de/course/view.php?id=26708 ",
,HUK,VM3,KalteKlimaL,KKL,HUCK,," ","https://moodle.hs-hannover.de/course/view.php?id=26708 ",
,HUK,ET6,Klimatech,KLT,HUCK,," ","https://moodle.hs-hannover.de/course/view.php?id=26710 ",
,HUK,VM3,Klimatech,KLT,HUCK,," ","https://moodle.hs-hannover.de/course/view.php?id=26710 ",
CallBen1,RAK,AM5,"KolbmasL 1",KML1,RAKOWSKI,," ","https://moodle.hs-hannover.de/course/view.php?id=27332 ",
CallBen2,RAK,VM1,"KolbmasL 2",KML2,RAKOWSKI,," ","https://moodle.hs-hannover.de/course/view.php?id=27330 ",
CallBen1,RAK,AM5,"Kolb.mas. 1",KOM1,RAKOWSKI,," ","https://moodle.hs-hannover.de/course/view.php?id=27329 ",
CallBen1,RAK,VM6,"Kolb.mas. 1",KOM1,RAKOWSKI,," ","https://moodle.hs-hannover.de/course/view.php?id=27329 ",
CallBen2,RAK,VM1,"Kolb.mas. 2",KOM2,RAKOWSKI,," ","https://moodle.hs-hannover.de/course/view.php?id=27330 ",
2024_Winter,DIR,AM4,Konstr.Leh,KON,DIERSEN,," ","https://moodle.hs-hannover.de/course/view.php?id=27388 ",
2024_Winter,DIR,II3,Konstr.Leh,KON,DIERSEN,," ","https://moodle.hs-hannover.de/course/view.php?id=27388 ",
2024_Winter,DIR,KT5,Konstr.Leh,KON,DIERSEN,," ","https://moodle.hs-hannover.de/course/view.php?id=27388 ",
Geodreieck2425,GIR,PS5,Kon.-Prj.,KOP,"GIRNTH   ",," ","https://moodle.hs-hannover.de/course/view.php?id=27162 ",
KST-WiSe2024-25,SID,KT3,Kunststoffe,KST,SINDELAR,," ","https://moodle.hs-hannover.de/course/view.php?id=27366 ",
KST-WiSe2024-25,SID,M2A,Kunststoffe,KST,SINDELAR,," ","https://moodle.hs-hannover.de/course/view.php?id=27366 ",
KST-WiSe2024-25,SID,PT3,Kunststoffe,KST,SINDELAR,," ","https://moodle.hs-hannover.de/course/view.php?id=27366 ",
KST-WiSe2024-25,SID,VE2,Kunststoffe,KST,SINDELAR,," ","https://moodle.hs-hannover.de/course/view.php?id=27366 ",
pegasus,ANG,KT5,KautsWerks,KTW,"ANGER     ",," ","https://moodle.hs-hannover.de/course/view.php?id=4129 ",
2024_Winter,DIR,II3,Kon.Übg.-1,KUE1,DIERSEN,," ","https://moodle.hs-hannover.de/course/view.php?id=27386 ",
qwertz2425,SAL,M3A,Kon.Übg.-1,KUE1,SZALWICKI,," ","https://moodle.hs-hannover.de/course/view.php?id=26591 ",
ZugangStud,GUI,M3B,Kon.Übg.-1,KUE1,GUSIG,," ","https://moodle.hs-hannover.de/course/view.php?id=26769 ",
2024_Winter,DIR,VE3,Kon.Übg.-1,KUE1,DIERSEN,," ","https://moodle.hs-hannover.de/course/view.php?id=27386 ",
ZugangStud,GUI,WI4,Kon.Übg.-1,KUE1,GUSIG,," ","https://moodle.hs-hannover.de/course/view.php?id=26769 ",
qwertz2425,SAL,WT5,Kon.Übg.-1,KUE1,SZALWICKI,," ","https://moodle.hs-hannover.de/course/view.php?id=26591 ",
ClausiusKWT,JAN,VE5,Kraftwerks.,KWT,JANSSEN,," ","https://moodle.hs-hannover.de/course/view.php?id=26705 ",
hanauska_lina_1_2425,HAN,XA1,linAlgebra,LAL1,HANAUSKA,," ","https://moodle.hs-hannover.de/course/view.php?id=26860 ",
SaturnV,PFU,ME2,Leichtbkon,LBK,PFULLMANN,," ","https://moodle.hs-hannover.de/course/view.php?id=27243 ",
LZ84UwK,FRA,MT5,Leistungsel,LEE,FRAEGER,," ","https://moodle.hs-hannover.de/course/view.php?id=27288 ",
Gruppenarbeit,BEG,WI5,LogistkmgmL,LML,BEGEMANN,," ","https://moodle.hs-hannover.de/course/view.php?id=27457 ",
LMP,STH,PE2,Log.u.Mat.flp.,LMP,STAHL,," ","https://moodle.hs-hannover.de/user/index.php?id=24259 ",
LMP,STH,PM2,Log.u.Mat.flp.,LMP,STAHL,," ","https://moodle.hs-hannover.de/user/index.php?id=24259 ",
Gruppenarbeit,BEG,WI5,Log.managem.,LOM,BEGEMANN,," ","https://moodle.hs-hannover.de/course/view.php?id=27457 ",
"Wird nicht benötigt, Unterlagen extern.",SCA,ID1,"Mathe 1",MA1D,SCHARMANN,"<p dir=""ltr"" style=""text-align:left;"">Zusätzliche Dokumente (Allgemeine Hinweise, Beiblätter zur Vorlesung, Aufgaben mit Lösungen, alte
Klausuren, Musterlösungen dazu) unter „Weiterer Link“. Alle Angaben gelten genauso für meine anderen Kurse im gleichen Fach.<br /></p>","https://my.hidrive.com/share/g5iyuruvfi ","https://my.hidrive.com/share/hwgdlkd7a8 ",
,SCA,KT1,"Mathe 1",MA1D,SCHARMANN,," "," ",
,SCA,MT1,"Mathe 1",MA1D,SCHARMANN,," "," ",
,SCA,PT1,"Mathe 1",MA1D,SCHARMANN,," "," ",
,SCA,WT1,"Mathe 1",MA1D,SCHARMANN,," "," ",
mnbvcx2425,SAL,II2,"Masch.El. 1",MAE1,SZALWICKI,," ","https://moodle.hs-hannover.de/course/view.php?id=26593 ",
"Duale Studierende sind bereits eingeschrieben.",REU,KT3,"Masch.El. 1",MAE1,REUTER,"<p dir=""ltr"" style=""text-align:left;"">Stz</p>"," "," ",
mnbvcx2425,SAL,M2A,"Masch.El. 1",MAE1,SZALWICKI,," ","https://moodle.hs-hannover.de/course/view.php?id=26593 ",
"Bitte Duale Studierende sind bereits eingeschrieben.",REU,PT3,"Masch.El. 1",MAE1,REUTER,," "," ",
mnbvcx2425,SAL,VE2,"Masch.El. 1",MAE1,SZALWICKI,," ","https://moodle.hs-hannover.de/course/view.php?id=26593 ",
MAE1-HsH,STR,WI3,"Masch.El. 1",MAE1,STRACHE,," ","https://moodle.hs-hannover.de/course/view.php?id=25240 ",
mnbvcx2425,SAL,XF1,"Masch.El. 1",MAE1,SZALWICKI,," ","https://moodle.hs-hannover.de/course/view.php?id=26593 ",
MAE2-HsH,STR,M3A,"Masch.El. 2",MAE2,STRACHE,," ","https://moodle.hs-hannover.de/course/view.php?id=25241 ",
Lager,RAK,M3B,"Masch.El. 2",MAE2,RAKOWSKI,," ","https://moodle.hs-hannover.de/course/view.php?id=27331 ",
"Duale Studierende sind bereits eingeschrieben.",REU,MT5,"Masch.El. 2",MAE2,REUTER,," "," ",
MAE2-HsH,STR,VE3,"Masch.El. 2",MAE2,STRACHE,," ","https://moodle.hs-hannover.de/course/view.php?id=25241 ",
"Duale Studierende sind bereits eingeschrieben.",REU,WT5,"Masch.El. 2",MAE2,REUTER,," "," ",
"Duale Studierende sind bereits eingeschrieben.",REU,KT5,"Masch.El. 3",MAE3,REUTER,," "," ",
"Bitte per E-Mail beim Dozenten erfragen",SRP,WI3,MarketingVt,MAR,SCHIWARA-RP,"<div>Weitere Infos zu den Lehrveranstaltungen der Fakultät IV finden SIe unter:</div><div><a href=""https://moodle.hs-hannover.de/course/view.php?id=2446"" target=""_blank"" rel=""noreferrer noopener"">https://moodle.hs-hannover.de/course/view.php?id=2446</a></div>"," "," ",
"Bitte per E-Mail beim Dozenten erfragen",SRP,WT3,MarketingVt,MAR,SCHIWARA-RP,"<p dir=""ltr"" style=""text-align:left;""></p><p dir=""ltr"">Weitere Infos zu den Lehrveranstaltungen der Fakultät IV finden SIe unter: <br /><a href=""https://moodle.hs-hannover.de/course/view.php?id=2446"" target=""_blank"" rel=""noreferrer noopener"">https://moodle.hs-hannover.de/course/view.php?id=2446</a></p><p dir=""ltr""><br /></p><br /><p></p>"," "," ",
m1hanauskawolfws2425,HAN,II1,"Mathe 1",MAT1,HANAUSKA,," ","https://moodle.hs-hannover.de/course/view.php?id=26859 ",
m1hanauskawolfws2425,HAN,M1A,"Mathe 1",MAT1,HANAUSKA,," ","https://moodle.hs-hannover.de/course/view.php?id=26859 ",
m1hanauskawolfws2425,HAN,M1B,"Mathe 1",MAT1,HANAUSKA,," ","https://moodle.hs-hannover.de/course/view.php?id=26859 ",
m1hanauskawolfws2425,HAN,VE1,"Mathe 1",MAT1,HANAUSKA,," ","https://moodle.hs-hannover.de/course/view.php?id=26859 ",
m1hanauskawolfws2425,WOL,WI1,"Mathe 1",MAT1,"WOLF      ",," ","https://moodle.hs-hannover.de/course/view.php?id=26859 ",
m2wolfheuerws2425,WOL,II2,"Mathe 2",MAT2,"WOLF      ",," ","https://moodle.hs-hannover.de/course/view.php?id=26876 ",
m2wolfheuerws2425,HEU,M2A,"Mathe 2",MAT2,HEUER,," ","https://moodle.hs-hannover.de/course/view.php?id=26876 ",
m2wolfheuerws2425,HEU,VE2,"Mathe 2",MAT2,HEUER,," ","https://moodle.hs-hannover.de/course/view.php?id=26876 ",
m2wolfheuerws2425,WOL,WI2,"Mathe 2",MAT2,"WOLF      ",," ","https://moodle.hs-hannover.de/course/view.php?id=26876 ",
m3wolfws2425,WOL,II3,"Mathe 3",MAT3,"WOLF      ",," ","https://moodle.hs-hannover.de/course/view.php?id=26870 ",
m3wolfws2425,WOL,M3A,"Mathe 3",MAT3,"WOLF      ",," ","https://moodle.hs-hannover.de/course/view.php?id=26870 ",
m3wolfws2425,WOL,M3B,"Mathe 3",MAT3,"WOLF      ",," ","https://moodle.hs-hannover.de/course/view.php?id=26870 ",
m3wolfws2425,WOL,VE3,"Mathe 3",MAT3,"WOLF      ",," ","https://moodle.hs-hannover.de/course/view.php?id=26870 ",
m1hanauskawolfws2425,HAN,WI1,"Mathe Hör Ü",MATH,HANAUSKA,," ","https://moodle.hs-hannover.de/course/view.php?id=26859 ",
"Wird nicht benötigt, Unterlagen extern.",SCA,AM5,"Masch.Dy. 1",MDY1,SCHARMANN,"<p dir=""ltr"" style=""text-align:left;"">Zusätzliche Dokumente (Skript, Aufgaben mit Lösungen, alte Klausuren, 
Musterlösungen dazu) unter „Weiterer Link“. Alle Angaben gelten genauso für meine anderen Kurse im gleichen Fach.<br /></p>","https://my.hidrive.com/share/g5iyuruvfi ","https://my.hidrive.com/share/2fv.qz1btr ",
,SCA,II5,"Masch.Dy. 1",MDY1,SCHARMANN,," "," ",
Volkswirtschaftslehre,STO,WI1,Mikro+Makro,MIM,STOEVER,"<p dir=""ltr"" style=""text-align:left;"">Weitere Infos zu den Lehrveranstaltungen der Fakultät IV finden SIe unter: <br /><a href=""https://moodle.hs-hannover.de/course/view.php?id=2446"" target=""_blank"" rel=""noreferrer noopener"">https://moodle.hs-hannover.de/course/view.php?id=2446</a></p><p dir=""ltr"" style=""text-align:left;""><br /></p>"," ","https://moodle.hs-hannover.de/course/view.php?id=27282 ",
Volkswirtschaftslehre,STO,WT5,Mikro+Makro,MIM,STOEVER,"<p dir=""ltr"" style=""text-align:left;""></p><p dir=""ltr"">Weitere Infos zu den Lehrveranstaltungen der Fakultät IV finden SIe unter: <br /><a href=""https://moodle.hs-hannover.de/course/view.php?id=2446"" target=""_blank"" rel=""noreferrer noopener"">https://moodle.hs-hannover.de/course/view.php?id=2446</a></p><p dir=""ltr""><br /></p><br /><p></p>"," ","https://moodle.hs-hannover.de/course/view.php?id=27282 ",
MatLog1,STH,PS5,MatLog1,MLO1,STAHL,," ","https://moodle.hs-hannover.de/course/view.php?id=25873 ",
MatLog1,STH,WI5,MatLog1,MLO1,STAHL,," ","https://moodle.hs-hannover.de/course/view.php?id=25873 ",
Download@FGA,KAL,AM5,Messen-RegL,MRL,KALLAGE,," ","https://moodle.hs-hannover.de/course/view.php?id=8265 ",
Download@FGA,KAL,ID5,Messen-RegL,MRL,KALLAGE,," ","https://moodle.hs-hannover.de/course/view.php?id=8265 ",
Download@FGA,KAL,II5,Messen-RegL,MRL,KALLAGE,," ","https://moodle.hs-hannover.de/course/view.php?id=8265 ",
Download@FGA,KAL,MT5,Messen-RegL,MRL,KALLAGE,," ","https://moodle.hs-hannover.de/course/view.php?id=8265 ",
Download@FGA,HOY,VE5,Messen-RegL,MRLV,HOYER,"<p dir=""ltr"" style=""text-align:left;"">Einschreibeschlüssel: BORIS-WiSe-24_25<br /></p>","https://moodle.hs-hannover.de/course/view.php?id=26875 ","https://moodle.hs-hannover.de/course/view.php?id=8265 ",
ReStMuWiSe2425,KAL,VM2,ModRegMulti,MRM,KALLAGE,," ","https://moodle.hs-hannover.de/course/view.php?id=27009 ",
Download@FGA,HOY,AM5,Mess-SteuL,MSL,HOYER,"<p dir=""ltr"" style=""text-align:left;"">Einschreibeschlüssel: CODESYS-WiSe-24_25<br /></p>","https://moodle.hs-hannover.de/course/view.php?id=26880 ","https://moodle.hs-hannover.de/course/view.php?id=8265 ",
Download@FGA,HOS,II5,Mess-SteuL,MSL,HOFSCHULTE,," ","https://moodle.hs-hannover.de/course/view.php?id=8265 ",
Download@FGA,HOY,VE5,Mess-SteuL,MSLV,HOYER,"<p dir=""ltr"" style=""text-align:left;"">Einschreibeschlüssel: AMPEL-WiSe-24_25    <br /></p>","https://moodle.hs-hannover.de/course/view.php?id=26873 ","https://moodle.hs-hannover.de/course/view.php?id=8265 ",
MT2324,GIE,AM4,"Messtech 1",MTE1,GIERAY,," ","https://moodle.hs-hannover.de/course/view.php?id=27083 ",
Kennlinie,GRA,ID3,"Messtech 1",MTE1,GRAEF,," ","https://moodle.hs-hannover.de/course/view.php?id=27245 ",
MT2324,GIE,II4,"Messtech 1",MTE1,GIERAY,," ","https://moodle.hs-hannover.de/course/view.php?id=27083 ",
Kennlinie,GRA,KT5,"Messtech 1",MTE1,GRAEF,," ","https://moodle.hs-hannover.de/course/view.php?id=27245 ",
Kennlinie,GRA,MT3,"Messtech 1",MTE1,GRAEF,," ","https://moodle.hs-hannover.de/course/view.php?id=27245 ",
MT2324,GIE,PS4,"Messtech 1",MTE1,GIERAY,," ","https://moodle.hs-hannover.de/course/view.php?id=27083 ",
Kennlinie,GRA,PT5,"Messtech 1",MTE1,GRAEF,," ","https://moodle.hs-hannover.de/course/view.php?id=27245 ",
MTveuWS2425,GOR,VE4,"Messtech 1",MTE1,GORSKI,," ","https://moodle.hs-hannover.de/course/view.php?id=27415 Messtechnik VEU",
MTveuWS2425,GOR,WI4,"Messtech 1",MTE1,GORSKI,," ","https://moodle.hs-hannover.de/course/view.php?id=27415 Messtechnik VEU",
Kennlinie,GRA,WT5,"Messtech 1",MTE1,GRAEF,," ","https://moodle.hs-hannover.de/course/view.php?id=27245 ",
MEC_WiSe_24/25,STK,ID5,MechatrLab,MTL,STUECKELM,," ","https://moodle.hs-hannover.de/course/view.php?id=26962 ",
MEC_WiSe_24/25,STK,MT5,MechatrLab,MTL,STUECKELM,," ","https://moodle.hs-hannover.de/course/view.php?id=26962 ",
Entwicklungsprozess,ROL,MT5,MechatrProd,MTP,ROOLFS,," ","https://moodle.hs-hannover.de/course/view.php?id=27367 ",
Entwicklungsprozess,ROL,XF1,MechatrProd,MTP,ROOLFS,," ","https://moodle.hs-hannover.de/course/view.php?id=27367 ",
LZ84UwK,FRA,ID5,Mod.t.Syst.,MTS,FRAEGER,," ","https://moodle.hs-hannover.de/course/view.php?id=27287 ",
LZ84UwK,FRA,II5,Mod.t.Syst.,MTS,FRAEGER,," ","https://moodle.hs-hannover.de/course/view.php?id=27287 ",
LZ84UwK,FRA,MT5,Mod.t.Syst.,MTS,FRAEGER,," ","https://moodle.hs-hannover.de/course/view.php?id=27287 ",
LZ84UwK,FRA,XF1,Mod.t.Syst.,MTS,FRAEGER,," ","https://moodle.hs-hannover.de/course/view.php?id=27287 ",
MVT_WiSe2425,LUE,VM5,MechVerftL,MVL,LUEDERSEN,," ","https://moodle.hs-hannover.de/course/view.php?id=27255 ",
MVT_WiSe2425,LUE,VU6,MechVerftL,MVL,LUEDERSEN,," ","https://moodle.hs-hannover.de/course/view.php?id=27255 ",
Kruemelm0nster,BER,VE4,MechVerft1,MVT1,BERTRAM,," ","https://moodle.hs-hannover.de/course/view.php?id=26618 ",
Kruemelm0nster,BER,VM3,MechVerft1,MVT1,BERTRAM,," ","https://moodle.hs-hannover.de/course/view.php?id=26618 ",
2024MVT2,SMU,VM5,MechVerft2,MVT2,"SCHMUCK / LÜDERSEN",," ","https://moodle.hs-hannover.de/course/view.php?id=26629 ",
2024MVT2,SMU,VU6,MechVerft2,MVT2,"SCHMUCK / LÜDERSEN",," ","https://moodle.hs-hannover.de/course/view.php?id=26629 ",
Download@FGA,KAL,AM5,Messen-RegL,MXL,KALLAGE,," ","https://moodle.hs-hannover.de/course/view.php?id=8265 ",
veu-m11,JAN,ET6,NachhEnergL,NEL,JANSSEN,," ","https://moodle.hs-hannover.de/course/view.php?id=26812 Nachhaltige Energiesysteme-Labor, WiSe 2024/25, Janßen",
veu-m11,JAN,VM5,NachhEnergL,NEL,JANSSEN,," ","https://moodle.hs-hannover.de/course/view.php?id=26812 Nachhaltige Energiesysteme-Labor, WiSe 2024/25, Janßen",
+Xco13A1J+Z-,VEN,ID5,Num.Mathem.,NUM,VENDL,," ","https://moodle.hs-hannover.de/course/view.php?id=27419 ",
+Xco13A1J+Z-,VEN,II4,Num.Mathem.,NUM,VENDL,," ","https://moodle.hs-hannover.de/course/view.php?id=27419 ",
+Xco13A1J+Z-,VEN,II5,Num.Mathem.,NUM,VENDL,," ","https://moodle.hs-hannover.de/course/view.php?id=27419 ",
:c436GbQ+InY,VEN,ME2,Num.Mathem.,NUMM,VENDL,," ","https://moodle.hs-hannover.de/course/view.php?id=27409 ",
9g0_YpPyH_Y:,VEN,ID3,Obj.or.Prog.,OOP,VENDL,," ","https://moodle.hs-hannover.de/course/view.php?id=27408 ",
9g0_YpPyH_Y:,VEN,II3,Obj.or.Prog.,OOP,VENDL,," ","https://moodle.hs-hannover.de/course/view.php?id=27408 ",
9g0_YpPyH_Y:,VEN,MT3,Obj.or.Prog.,OOP,VENDL,," ","https://moodle.hs-hannover.de/course/view.php?id=27408 ",
ZugangStud,GUI,ME2,ProdEntwMet,PEMD,GUSIG,," ","https://moodle.hs-hannover.de/course/view.php?id=26770 ",
ZugangStud,GUI,WP2,ProdEntwMet,PEMD,GUSIG,," ","https://moodle.hs-hannover.de/course/view.php?id=26770 ",
"Bitte per E-Mail beim Dozenten erfragen",CZO,WI6,Personalmgm,PER,CZOGEL,"<p dir=""ltr"" style=""text-align:left;""></p><p dir=""ltr"">Weitere Infos zu den Lehrveranstaltungen der Fakultät IV finden SIe unter: <br /><a href=""https://moodle.hs-hannover.de/course/view.php?id=2446"" target=""_blank"" rel=""noreferrer noopener"">https://moodle.hs-hannover.de/course/view.php?id=2446</a></p><p dir=""ltr""><br /></p><br /><p></p>"," "," ",
PHY12324,GIE,II1,"Physik 1",PHY1,GIERAY,," ","https://moodle.hs-hannover.de/course/view.php?id=27082 ",
WinSem24,GRM,KT1,"Physik 1",PHY1,GRÜNEMAIER,," ","https://moodle.hs-hannover.de/course/view.php?id=27343 Physik 1 für duale Studiengänge",
PHY12324,GIE,M1A,"Physik 1",PHY1,GIERAY,," ","https://moodle.hs-hannover.de/course/view.php?id=27082 ",
PHY1WS2425,PIN,M1B,"Physik 1",PHY1,PINDRUS,," ","https://moodle.hs-hannover.de/course/view.php?id=27468 ",
WinSem24,GRM,PT1,"Physik 1",PHY1,GRÜNEMAIER,," ","https://moodle.hs-hannover.de/course/view.php?id=27343 Physik 1 für duale Studiengänge",
PHY1WS2425,PIN,VE1,"Physik 1",PHY1,PINDRUS,," ","https://moodle.hs-hannover.de/course/view.php?id=27468 ",
Energieerhaltung,GRA,WI1,"Physik 1",PHY1,GRAEF,," ","https://moodle.hs-hannover.de/course/view.php?id=27246 ",
PHY12324,GIE,WT3,"Physik 1",PHY1,GIERAY,," ","https://moodle.hs-hannover.de/course/view.php?id=27082 ",
PHY22324,GIE,II2,"Physik 2",PHY2,GIERAY,," ","https://moodle.hs-hannover.de/course/view.php?id=27081 ",
PHY2WS2425,PIN,M3A,"Physik 2",PHY2,PINDRUS,," ","https://moodle.hs-hannover.de/course/view.php?id=27472 ",
PHY22324,GIE,M3B,"Physik 2",PHY2,GIERAY,," ","https://moodle.hs-hannover.de/course/view.php?id=27081 ",
PHY2WS2425,PIN,VE3,"Physik 2",PHY2,PINDRUS,," ","https://moodle.hs-hannover.de/course/view.php?id=27472 ",
Resonanz,GRA,WI3,"Physik 2",PHY2,GRAEF,," ","https://moodle.hs-hannover.de/course/view.php?id=27247 ",
Workflow,NIR,ID3,Proj.Manam.,PJMD,NIEROBISCH,," ","https://moodle.hs-hannover.de/course/view.php?id=27403 ",
Workflow,NIR,KT5,Proj.Manam.,PJMD,NIEROBISCH,," ","https://moodle.hs-hannover.de/course/view.php?id=27403 ",
Workflow,NIR,PT5,Proj.Manam.,PJMD,NIEROBISCH,," ","https://moodle.hs-hannover.de/course/view.php?id=27403 ",
Workflow,NIR,WT5,Proj.Manam.,PJMD,NIEROBISCH,," ","https://moodle.hs-hannover.de/course/view.php?id=27403 ",
STUXNET-WiSe-24_25,HOY,PE2,ProzLeitCAE,PLC,HOYER,," ","https://moodle.hs-hannover.de/course/view.php?id=26881 ",
STUXNET-WiSe-24_25,HOY,PM2,ProzLeitCAE,PLC,HOYER,," ","https://moodle.hs-hannover.de/course/view.php?id=26881 ",
Download@FGA,HOF,VM2,ProzLeitLab,PLL,HOFFMANN,," ","https://moodle.hs-hannover.de/course/view.php?id=8265 ",
Download@FGA,HOF,VE5,ProzLeitLab,PLLV,HOFFMANN,"<p dir=""ltr"" style=""text-align:left;"">Einschreibeschlüssel: AMPEL-WiSe-24_25<br /></p>","https://moodle.hs-hannover.de/course/view.php?id=26873 ","https://moodle.hs-hannover.de/course/view.php?id=8265 ",
STUXNET-WiSe-24_25,HOF,PE2,ProzL.CAESem,PLS,HOFFMANN,," ","https://moodle.hs-hannover.de/course/view.php?id=26881 ",
STUXNET-WiSe-24_25,HOF,PM2,ProzL.CAESem,PLS,HOFFMANN,," ","https://moodle.hs-hannover.de/course/view.php?id=26881 ",
Download@FGA,HOF,PS4,Proz.Leitt1,PLT1,HOFFMANN,," ","https://moodle.hs-hannover.de/course/view.php?id=8265 ",
Download@FGA,HOF,VM2,Proz.Leitt1,PLT1,HOFFMANN,," ","https://moodle.hs-hannover.de/course/view.php?id=8265 ",
Download@FGA,HOF,WI5,Proz.Leitt1,PLT1,HOFFMANN,," ","https://moodle.hs-hannover.de/course/view.php?id=8265 ",
2024_Winter,DIR,VM2,Proz.Leitt2,PLT2,DIERSEN,," ","https://moodle.hs-hannover.de/course/view.php?id=27383 ",
AMPEL-WiSe-24_25,HOY,VE5,Proz.Leitt1,PLTV,HOYER,," ","https://moodle.hs-hannover.de/course/view.php?id=26873 ",
Bestand&Durchlaufzeit,BEG,PS5,Prod.P.u.St,PPS,BEGEMANN,," ","https://moodle.hs-hannover.de/course/view.php?id=27264 ",
Bestand&Durchlaufzeit,BEG,VM1,Prod.P.u.St,PPS,BEGEMANN,," ","https://moodle.hs-hannover.de/course/view.php?id=27264 ",
Bestand&Durchlaufzeit,BEG,WI5,Prod.P.u.St,PPS,BEGEMANN,," ","https://moodle.hs-hannover.de/course/view.php?id=27264 ",
"Bitte per E-Mail beim Dozenten erfragen",HOB,WI2,Produktion,PRO,"HOHBERGER L","<p dir=""ltr"">Weitere Infos zu den Lehrveranstaltungen der Fakultät IV finden SIe unter: <br /><a href=""https://moodle.hs-hannover.de/course/view.php?id=2446"" target=""_blank"" rel=""noreferrer noopener"">https://moodle.hs-hannover.de/course/view.php?id=2446</a></p><p dir=""ltr""><br /></p><p dir=""ltr""><br /></p><br />"," "," ",
"Bitte per E-Mail beim Dozenten erfragen",HOB,WT1,Produktion,PRO,"HOHBERGER L","<p dir=""ltr"" style=""text-align:left;""></p><p dir=""ltr"">Weitere Infos zu den Lehrveranstaltungen der Fakultät IV finden SIe unter: <br /><a href=""https://moodle.hs-hannover.de/course/view.php?id=2446"" target=""_blank"" rel=""noreferrer noopener"">https://moodle.hs-hannover.de/course/view.php?id=2446</a></p><p dir=""ltr""><br /></p><br /><p></p>"," "," ",
ExcellentSlides!,NIR,ID1,Praes.tech.,PRT,NIEROBISCH,," ","https://moodle.hs-hannover.de/course/view.php?id=27389 ",
ExcellentSlides!,NIR,KT5,Praes.tech.,PRT,NIEROBISCH,," ","https://moodle.hs-hannover.de/course/view.php?id=27389 ",
ExcellentSlides!,NIR,MT1,Praes.tech.,PRT,NIEROBISCH,," ","https://moodle.hs-hannover.de/course/view.php?id=27389 ",
ExcellentSlides!,NIR,PT5,Praes.tech.,PRT,NIEROBISCH,," ","https://moodle.hs-hannover.de/course/view.php?id=27389 ",
ExcellentSlides!,NIR,WT5,Praes.tech.,PRT,NIEROBISCH,," ","https://moodle.hs-hannover.de/course/view.php?id=27389 ",
PHY-L2324,GIE,II2,Physik-L,PYL,GIERAY,," ","https://moodle.hs-hannover.de/course/view.php?id=27080 ",
PYLWS2425,PIN,M3A,Physik-L,PYL,PINDRUS,," ","https://moodle.hs-hannover.de/course/view.php?id=27475 ",
PHY-L2324,GIE,M3B,Physik-L,PYL,GIERAY,," ","https://moodle.hs-hannover.de/course/view.php?id=27080 ",
PYLWS2425,PIN,VE3,Physik-L,PYL,PINDRUS,," ","https://moodle.hs-hannover.de/course/view.php?id=27475 ",
"Bitte per E-Mail beim Dozenten erfragen",GRM,WI3,Physik-L,PYL,GRÜNEMAIER,," ","https://moodle.hs-hannover.de/course/view.php?id=27342 Physik Labor",
Deming24,SIE,AM6,Qual.Umw.Mg,QUM,"SIEGERT   ",," ","https://moodle.hs-hannover.de/enrol/index.php?id=27300 ",
Deming2024,FLM,ID5,Qual.Umw.Mg,QUM,FLIMM,," ","https://moodle.hs-hannover.de/course/view.php?id=27432 ",
Deming2024,FLM,II5,Qual.Umw.Mg,QUM,FLIMM,," ","https://moodle.hs-hannover.de/course/view.php?id=27432 ",
Deming24,SIE,PS6,Qual.Umw.Mg,QUM,"SIEGERT   ",," ","https://moodle.hs-hannover.de/enrol/index.php?id=27300 ",
Deming24,SIE,WI6,Qual.Umw.Mg,QUM,"SIEGERT   ",," ","https://moodle.hs-hannover.de/enrol/index.php?id=27300 ",
Deming2024,FLM,XA5,Qual.Umw.Mg,QUM,FLIMM,," ","https://moodle.hs-hannover.de/course/view.php?id=27432 ",
UQM-2024-25,SAK,VM5,Qual.UmwVEU,QUV,SAKUTH,," ","https://moodle.hs-hannover.de/course/view.php?id=27234 ",
UT1-2024-25,SAK,VE5,Reinh.d.Lu.,RED,SAKUTH,," ","https://moodle.hs-hannover.de/course/view.php?id=27235 ",
ClausiusREB,JAN,ET6,Regen.Energ,REE,JANSSEN,," ","https://moodle.hs-hannover.de/course/view.php?id=26704 ",
ClausiusREB,JAN,VM5,Regen.Energ,REE,JANSSEN,," ","https://moodle.hs-hannover.de/course/view.php?id=26704 ",
ClausiusREB,JAN,VM7,Regen.Energ,REE,JANSSEN,," ","https://moodle.hs-hannover.de/course/view.php?id=26704 ",
"Bitte per E-Mail beim Dozenten erfragen",FRI,II2,RechtsK.,REK,FRICKE,," "," ",
"Bitte per E-Mail beim Dozenten erfragen",FRI,M3A,RechtsK.,REK,FRICKE,," "," ",
"Bitte per E-Mail beim Dozenten erfragen",FRI,M3B,RechtsK.,REK,FRICKE,," "," ",
"Bitte per E-Mail beim Dozenten erfragen",FRI,MT5,RechtsK.,REK,FRICKE,," "," ",
"Bitte per E-Mail beim Dozenten erfragen",FRI,VE3,RechtsK.,REK,FRICKE,," "," ",
ret1wolfnadws2425,WOL,VE4,ReaktTechn1,RET1,"WOLF      ",," ","https://moodle.hs-hannover.de/course/view.php?id=26863 ",
Brennstoff,KOE,VM6,ReaktTechn2,RET2,KOEHLER,," ","https://moodle.hs-hannover.de/course/view.php?id=27250 ",
Brennstoff,KOE,VU6,ReaktTechn2,RET2,KOEHLER,," ","https://moodle.hs-hannover.de/course/view.php?id=27250 ",
RoaWiSe2425,HOS,VM2,Roboterapp,ROA,HOFSCHULTE,," ","https://moodle.hs-hannover.de/course/view.php?id=27007 ",
"Bitte per E-Mail beim Dozenten erfragen",GRM,VM3,Radio+Str-L,RSL,GRÜNEMAIER,," ","https://moodle.hs-hannover.de/course/view.php?id=27341 Labor in Radioökologie und Strahlenschutz",
"Bitte per E-Mail beim Dozenten erfragen",GRM,VM3,Radio+Strl.,RST,GRÜNEMAIER,," ","https://moodle.hs-hannover.de/course/view.php?id=27341 Radioökologie und Strahlenschutz",
?WQ3ecNr,KAL,AM4,Regelungst1,RTK1,KALLAGE,," ","https://moodle.hs-hannover.de/course/view.php?id=27447 ",
RT1_Neu_WiSe24-25,NEU,ID3,Regelungst1,RTK1,NEUMANN,," ","https://moodle.hs-hannover.de/course/view.php?id=27455 ",
?WQ3ecNr,KAL,II4,Regelungst1,RTK1,KALLAGE,," ","https://moodle.hs-hannover.de/course/view.php?id=27447 ",
RT1_Neu_WiSe24-25,NEU,KT5,Regelungst1,RTK1,NEUMANN,," ","https://moodle.hs-hannover.de/course/view.php?id=27455 ",
RT1_Neu_WiSe24-25,NEU,MT3,Regelungst1,RTK1,NEUMANN,," ","https://moodle.hs-hannover.de/course/view.php?id=27455 ",
?WQ3ecNr,KAL,PS4,Regelungst1,RTK1,KALLAGE,," ","https://moodle.hs-hannover.de/course/view.php?id=27447 ",
RT1_Neu_WiSe24-25,NEU,PT5,Regelungst1,RTK1,NEUMANN,," ","https://moodle.hs-hannover.de/course/view.php?id=27455 ",
?WQ3ecNr,KAL,WI4,Regelungst1,RTK1,KALLAGE,," ","https://moodle.hs-hannover.de/course/view.php?id=27447 ",
RT1_Neu_WiSe24-25,NEU,WT5,Regelungst1,RTK1,NEUMANN,," ","https://moodle.hs-hannover.de/course/view.php?id=27455 ",
RGT2_WiSe_24/25,STK,AM5,Regelungst2,RTK2,STUECKELM,," ","https://moodle.hs-hannover.de/course/view.php?id=26959 ",
RGT2_WiSe_24/25,STK,ID5,Regelungst2,RTK2,STUECKELM,," ","https://moodle.hs-hannover.de/course/view.php?id=26959 ",
RGT2_WiSe_24/25,STK,II5,Regelungst2,RTK2,STUECKELM,," ","https://moodle.hs-hannover.de/course/view.php?id=26959 ",
RGT2_WiSe_24/25,STK,MT5,Regelungst2,RTK2,STUECKELM,," ","https://moodle.hs-hannover.de/course/view.php?id=26959 ",
PID-WiSe-24_25,HOY,VE4,Regelungst1,RTV1,HOYER,," ","https://moodle.hs-hannover.de/course/view.php?id=26882 ",
BODE-WiSe-24_25,HOY,VE5,Regelungst2,RTV2,HOYER,," ","https://moodle.hs-hannover.de/course/view.php?id=26879 ",
ReStMuWiSe2425,HOS,VM2,StrgBahnMul,SBM,HOFSCHULTE,," ","https://moodle.hs-hannover.de/course/view.php?id=27009 ",
SCE_2425,NAD,PE2,SusCircEcon,SCE,NADOLNY,," ","https://moodle.hs-hannover.de/course/view.php?id=27168 ",
SCE_2425,NAD,PM2,SusCircEcon,SCE,NADOLNY,," ","https://moodle.hs-hannover.de/course/view.php?id=27168 ",
Lieferkette,BEG,WI5,SuplChManag,SCM,BEGEMANN,," ","https://moodle.hs-hannover.de/course/view.php?id=27452 ",
NavierStokes,GOT,PE2,StroemDyCFD,SDC,GOTTSCHLICH,," ","https://moodle.hs-hannover.de/course/view.php?id=26929 ",
NavierStokes,GOT,PE2,StroeDyCFDS,SDCS,GOTTSCHLICH,," ","https://moodle.hs-hannover.de/course/view.php?id=26929 ",
NavierStokes,GOT,VM4,StroemFluid,SFD,GOTTSCHLICH,," ","https://moodle.hs-hannover.de/course/view.php?id=26927 ",
BPT_WiSe2425,NAD,VM6,SteTecHygGe,SHG,NADOLNY,"<p dir=""ltr"" style=""text-align:left;"">Start Donnerstag 26.09. 10Uhr RAum 1B.1.21</p><p dir=""ltr"" style=""text-align:left;"">Anwesenheitspflicht, Sicherheitseinweisung!<br /></p>"," ","https://moodle.hs-hannover.de/course/view.php?id=27165 ",
LZ84UwK,FRA,XF1,Sicherheitstec,SHT,FRAEGER,," ","https://moodle.hs-hannover.de/course/view.php?id=27280 ",
y?Kjg8NB,KAL,ID5,"Simul Techn",SIT,KALLAGE,," ","https://moodle.hs-hannover.de/course/view.php?id=27448 ",
y?Kjg8NB,KAL,II5,"Simul Techn",SIT,KALLAGE,," ","https://moodle.hs-hannover.de/course/view.php?id=27448 ",
y?Kjg8NB,KAL,MT5,"Simul Techn",SIT,KALLAGE,," ","https://moodle.hs-hannover.de/course/view.php?id=27448 ",
Magritte,CAS,PE2,"Simul Techn",SITM,CASTILLO-PAZ,," ","https://moodle.hs-hannover.de/course/view.php?id=27221 ",
Magritte,CAS,PM2,"Simul Techn",SITM,CASTILLO-PAZ,," ","https://moodle.hs-hannover.de/course/view.php?id=27221 ",
Eiermuschelnudelhühnersuppe,KLO,M2A,Strömg.Lehr,SLE,KLOSE,," ","https://moodle.hs-hannover.de/course/view.php?id=26831 ",
Eiermuschelnudelhühnersuppe,KLO,VE2,Strömg.Lehr,SLE,KLOSE,," ","https://moodle.hs-hannover.de/course/view.php?id=26831 ",
Eiermuschelnudelhühnersuppe,KLO,WI2,Strömg.Lehr,SLE,KLOSE,," ","https://moodle.hs-hannover.de/course/view.php?id=26831 ",
SPA-2425,LIE,M3A,Spanen,SPA,LIERSE,," ","https://moodle.hs-hannover.de/course/view.php?id=27194 ",
SPA-2425,LIE,M3B,Spanen,SPA,LIERSE,," ","https://moodle.hs-hannover.de/course/view.php?id=27194 ",
SPA-2425,LIE,WI4,Spanen,SPA,LIERSE,," ","https://moodle.hs-hannover.de/course/view.php?id=27194 ",
STWiSe2425,HOS,AM4,SteuerTec,SRT,HOFSCHULTE,," ","https://moodle.hs-hannover.de/course/view.php?id=27006 ",
STWiSe2425,HOS,ID3,SteuerTec,SRT,HOFSCHULTE,," ","https://moodle.hs-hannover.de/course/view.php?id=27006 ",
STWiSe2425,HOS,II4,SteuerTec,SRT,HOFSCHULTE,," ","https://moodle.hs-hannover.de/course/view.php?id=27006 ",
STWiSe2425,HOS,KT5,SteuerTec,SRT,HOFSCHULTE,," ","https://moodle.hs-hannover.de/course/view.php?id=27006 ",
STWiSe2425,HOS,MT3,SteuerTec,SRT,HOFSCHULTE,," ","https://moodle.hs-hannover.de/course/view.php?id=27006 ",
STWiSe2425,HOS,PS4,SteuerTec,SRT,HOFSCHULTE,," ","https://moodle.hs-hannover.de/course/view.php?id=27006 ",
STWiSe2425,HOS,PT5,SteuerTec,SRT,HOFSCHULTE,," ","https://moodle.hs-hannover.de/course/view.php?id=27006 ",
STWiSe2425,HOS,WI4,SteuerTec,SRT,HOFSCHULTE,," ","https://moodle.hs-hannover.de/course/view.php?id=27006 ",
STWiSe2425,HOS,WT5,SteuerTec,SRT,HOFSCHULTE,," ","https://moodle.hs-hannover.de/course/view.php?id=27006 ",
SPS-WiSe-24_25,HOY,VE4,SteuerTec,SRTV,HOYER,," ","https://moodle.hs-hannover.de/course/view.php?id=26874 ",
"Bitte per E-Mail beim Dozenten erfragen",GRM,VM3,StrahlSchuS,SSS,GRÜNEMAIER,," ","https://moodle.hs-hannover.de/course/view.php?id=27341 Strahlenschutz in Radioökologie",
statschubws2425,SCB,WI3,Statistik,STA,SCHUBERT,," ","https://moodle.hs-hannover.de/course/view.php?id=26877 ",
Newton,CLS,ID1,Statik,STK,CLASEN,," ","https://moodle.hs-hannover.de/course/view.php?id=27315 ",
WiSe2425,PFA,II1,Statik,STK,PFAHL,," ","https://moodle.hs-hannover.de/course/view.php?id=26792 ",
Newton,CLS,KT1,Statik,STK,CLASEN,," ","https://moodle.hs-hannover.de/course/view.php?id=27315 ",
WiSe2425,PFA,M1A,Statik,STK,PFAHL,," ","https://moodle.hs-hannover.de/course/view.php?id=26792 ",
St_WiSe2425,HET,M1B,Statik,STK,HENTSCHEL,," ","https://moodle.hs-hannover.de/course/view.php?id=27444 ",
Newton,CLS,MT1,Statik,STK,CLASEN,," ","https://moodle.hs-hannover.de/course/view.php?id=27315 ",
Newton,CLS,PT1,Statik,STK,CLASEN,," ","https://moodle.hs-hannover.de/course/view.php?id=27315 ",
St_WiSe2425,HET,VE1,Statik,STK,HENTSCHEL,," ","https://moodle.hs-hannover.de/course/view.php?id=27444 ",
St_WiSe2425,HET,WI1,Statik,STK,HENTSCHEL,," ","https://moodle.hs-hannover.de/course/view.php?id=27444 ",
Newton,CLS,WT1,Statik,STK,CLASEN,," ","https://moodle.hs-hannover.de/course/view.php?id=27315 ",
Newton,CLS,XF1,Statik,STK,CLASEN,," ","https://moodle.hs-hannover.de/course/view.php?id=27314 ",
Fluid,PIN,AM5,"Str.Mas L 1",STL1,PINDRUS,," ","https://moodle.hs-hannover.de/course/view.php?id=26883 ",
Fluid,PIN,VM6,"Str.Mas L 1",STL1,PINDRUS,," ","https://moodle.hs-hannover.de/course/view.php?id=26883 ",
STM1WS2425,PIN,AM5,"Str.Mas. 1",STM1,PINDRUS,," ","https://moodle.hs-hannover.de/course/view.php?id=27473 ",
STM1WS2425,PIN,VM6,"Str.Mas. 1",STM1,PINDRUS,," ","https://moodle.hs-hannover.de/course/view.php?id=27473 ",
SuS_WiSe_24/25,STK,ID3,SignaleSyst,SUS,STUECKELM,," ","https://moodle.hs-hannover.de/course/view.php?id=26960 ",
SuS_WiSe_24/25,STK,MT3,SignaleSyst,SUS,STUECKELM,," ","https://moodle.hs-hannover.de/course/view.php?id=26960 ",
wise24,MAR,ID3,"SystProg. 1",SYP1,MARCARD,," ","https://moodle.hs-hannover.de/course/view.php?id=27212 ",
wise24,MAR,MT5,"SystProg. 1",SYP1,MARCARD,," ","https://moodle.hs-hannover.de/course/view.php?id=27212 ",
wise24hsh,CAK,ID5,"SystProg. 2",SYP2,CAKAR,," ","https://moodle.hs-hannover.de/course/view.php?id=27482 ",
wise24hsh,CAK,II4,"SystProg. 2",SYP2,CAKAR,," ","https://moodle.hs-hannover.de/course/view.php?id=27482 ",
wise24hsh,CAK,II5,"SystProg. 2",SYP2,CAKAR,," ","https://moodle.hs-hannover.de/course/view.php?id=27482 ",
Schw_WiSe2425,HET,AM4,TechnSchwin,TES,HENTSCHEL,," ","https://moodle.hs-hannover.de/course/view.php?id=27446 ",
Schw_WiSe2425,HET,ID5,TechnSchwin,TES,HENTSCHEL,," ","https://moodle.hs-hannover.de/course/view.php?id=27446 ",
Schw_WiSe2425,HET,II4,TechnSchwin,TES,HENTSCHEL,," ","https://moodle.hs-hannover.de/course/view.php?id=27446 ",
Schw_WiSe2425,HET,MT5,TechnSchwin,TES,HENTSCHEL,," ","https://moodle.hs-hannover.de/course/view.php?id=27446 ",
Schw_WiSe2425,HET,PS4,TechnSchwin,TES,HENTSCHEL,," ","https://moodle.hs-hannover.de/course/view.php?id=27446 ",
ohne,SAK,KT5,"Thermodyn 1",THD1,SAKUTH,," ","https://moodle.hs-hannover.de/course/view.php?id=26707 ",
Mayer,JAN,M2A,"Thermodyn 1",THD1,JANSSEN,," ","https://moodle.hs-hannover.de/course/view.php?id=26707 ",
ohne,SAK,PT5,"Thermodyn 1",THD1,SAKUTH,," ","https://moodle.hs-hannover.de/course/view.php?id=26707 ",
Mayer,JAN,VE2,"Thermodyn 1",THD1,JANSSEN,," ","https://moodle.hs-hannover.de/course/view.php?id=26707 ",
Mayer,JAN,WI2,"Thermodyn 1",THD1,JANSSEN,," ","https://moodle.hs-hannover.de/course/view.php?id=26707 ",
ohne,SAK,WT5,"Thermodyn 1",THD1,SAKUTH,," ","https://moodle.hs-hannover.de/course/view.php?id=26707 ",
Nusselt,JAN,AM4,"Thermodyn 2",THD2,JANSSEN,,"https://moodle.hs-hannover.de/course/view.php?id=26706 ","https://moodle.hs-hannover.de/course/view.php?id=26700 ",
Nusselt,JAN,VE4,"Thermodyn 2",THD2,JANSSEN,,"https://moodle.hs-hannover.de/course/view.php?id=26706 ","https://moodle.hs-hannover.de/course/view.php?id=26700 ",
TSMWS2425,PIN,VM4,ThermStrMaK,TSK,PINDRUS,," ","https://moodle.hs-hannover.de/course/view.php?id=27474 ",
TSMWS2425,PIN,VM4,ThermStrMaL,TSL,PINDRUS,," ","https://moodle.hs-hannover.de/course/view.php?id=27474 ",
TSMWS2425,PIN,VM4,ThermStrMas,TSM,PINDRUS,," ","https://moodle.hs-hannover.de/course/view.php?id=27474 ",
LaborTVT1_2425,JAS,VE5,ThermVerfL1,TVL1,JANSEN,," ","https://moodle.hs-hannover.de/course/view.php?id=27206 ",
TVT1_VL_2425,JAS,VE5,ThermVerft1,TVT1,JANSEN,," ","https://moodle.hs-hannover.de/course/view.php?id=27207 ",
TVT2_VL_2425,JAS,VM6,ThermVerft2,TVT2,JANSEN,"<p dir=""ltr"" style=""text-align:left;"">Kurs zur Vorlesung TVT2</p>"," ","https://moodle.hs-hannover.de/course/view.php?id=27205 ",
LaborTVT2_2425,JAS,VU6,ThermVerft2,TVT2,JANSEN,"<p dir=""ltr"" style=""text-align:left;"">Kurs zum Labor TVT2<br /></p>"," ","https://moodle.hs-hannover.de/course/view.php?id=27203 ",
WiSe2024,BIL,PS6,UmformT-L,UFL,BILGEN,," ","https://moodle.hs-hannover.de/course/view.php?id=26722 ",
WiSe2024,BIL,VM1,UmformT-L,UFL,BILGEN,," ","https://moodle.hs-hannover.de/course/view.php?id=26722 ",
WiSe2024,BIL,PS6,UmformMa,UFM,BILGEN,," ","https://moodle.hs-hannover.de/course/view.php?id=26723 ",
WiSe2024,BIL,PT5,UmformMa,UFM,BILGEN,," ","https://moodle.hs-hannover.de/course/view.php?id=26723 ",
WiSe2024,BIL,VM1,UmformMa,UFM,BILGEN,," ","https://moodle.hs-hannover.de/course/view.php?id=26723 ",
WiSe2024,BIL,PS6,UmformT,UFT,BILGEN,," ","https://moodle.hs-hannover.de/course/view.php?id=26721 ",
WiSe2024,BIL,VM1,UmformT,UFT,BILGEN,," ","https://moodle.hs-hannover.de/course/view.php?id=26721 ",
UT2-2024-25,SAK,VM5,Umweltanaly.,UMA,SAKUTH,," ","https://moodle.hs-hannover.de/course/view.php?id=27236 ",
WiSe2024,BIL,KT3,Umformen,UMF,BILGEN,," ","https://moodle.hs-hannover.de/course/view.php?id=26720 ",
WiSe2024,BIL,M2A,Umformen,UMF,BILGEN,," ","https://moodle.hs-hannover.de/course/view.php?id=26720 ",
WiSe2024,BIL,PT3,Umformen,UMF,BILGEN,," ","https://moodle.hs-hannover.de/course/view.php?id=26720 ",
WiSe2024,BIL,VE2,Umformen,UMF,BILGEN,," ","https://moodle.hs-hannover.de/course/view.php?id=26720 ",
WiSe2024,BIL,WI4,Umformen,UMF,BILGEN,," ","https://moodle.hs-hannover.de/course/view.php?id=26720 ",
"Bitte per E-Mail beim Dozenten erfragen",SNI,WI6,Unternfuehr,UNF,SCHNITZLER,"<p dir=""ltr"" style=""text-align:left;""></p><p dir=""ltr"">Weitere Infos zu den Lehrveranstaltungen der Fakultät IV finden SIe unter: <br /><a href=""https://moodle.hs-hannover.de/course/view.php?id=2446"" target=""_blank"" rel=""noreferrer noopener"">https://moodle.hs-hannover.de/course/view.php?id=2446</a></p><p dir=""ltr""><br /></p><br /><p></p>"," "," ",
WiSe2425,PFA,KT3,Urformen,URF,PFAHL,," ","https://moodle.hs-hannover.de/course/view.php?id=26796 ",
WiSe2425,PFA,PT3,Urformen,URF,PFAHL,," ","https://moodle.hs-hannover.de/course/view.php?id=26796 ",
WiSe2425,PFA,M2A,Urform&Fueg,UUF,PFAHL,," ","https://moodle.hs-hannover.de/course/view.php?id=26795 ",
WiSe2425,PFA,VE2,Urform&Fueg,UUF,PFAHL,," ","https://moodle.hs-hannover.de/course/view.php?id=26795 ",
WiSe2425,PFA,WI4,Urform&Fueg,UUF,PFAHL,," ","https://moodle.hs-hannover.de/course/view.php?id=26795 ",
UWTL_2425,NAD,VE5,UmweltT-L,UWL,NADOLNY,," ","https://moodle.hs-hannover.de/course/view.php?id=27167 ",
Verkaufen!,NIR,WI5,Vertrieb,VER,NIEROBISCH,," ","https://moodle.hs-hannover.de/course/view.php?id=27379 ",
2024_WS_VIF,SCH,PS5,Virt.Fertig,VIF,SCHNEIDER,," ","https://moodle.hs-hannover.de/course/view.php?id=26843 ",
1537,WAD,PS5,Virt.FertiL,VIL,WALDT,," ","https://moodle.hs-hannover.de/course/view.php?id=27217 ",
"Bitte per E-Mail beim Dozenten erfragen",SCB,ME2,Verstechpln,VTPD,SCHUBERT,," ","https://moodle.hs-hannover.de/course/view.php?id=27318 ",
"Bitte per E-Mail beim Dozenten erfragen",SCB,WB2,Verstechpln,VTPD,SCHUBERT,," ","https://moodle.hs-hannover.de/course/view.php?id=27318 ",
"Bitte per E-Mail beim Dozenten erfragen",SCB,WP2,Verstechpln,VTPD,SCHUBERT,," ","https://moodle.hs-hannover.de/course/view.php?id=27318 ",
Kyoto1997,MEY,VM3,WasserstfL,WAL,MEYER,," ","https://moodle.hs-hannover.de/course/view.php?id=27228 ",
Kyoto1997,MEY,VM3,WasserstTec,WAS,MEYER,," ","https://moodle.hs-hannover.de/course/view.php?id=27228 ",
WKL-WiSe2024,CLA,KT3,Wkst.Ku-L,WKL,"CLAßEN-GEO. ","<p dir=""ltr"" style=""text-align:left;"">Nachmeldungen für die Freitag 8:00 Uhr-Gruppe bitte an birgit.classen-georgiadis@hs-hannover.de richten.</p><p dir=""ltr"" style=""text-align:left;"">Rückmeldung am 23.09.2024<br /></p>"," ","https://moodle.hs-hannover.de/course/view.php?id=26442 Werkstoffkunde-Labor",
WKL-WiSe2024,CLA,M2A,Wkst.Ku-L,WKL,"CLAßEN-GEO. ",," ","https://moodle.hs-hannover.de/course/view.php?id=26442 Werkstoffkunde-Labor",
WKL-WiSe2024,CLA,PT3,Wkst.Ku-L,WKL,"CLAßEN-GEO. ","<p dir=""ltr"" style=""text-align:left;""></p><p dir=""ltr"">Nachmeldungen für die Freitag 8:00 Uhr-Gruppe bitte an birgit.classen-georgiadis@hs-hannover.de richten.</p><p dir=""ltr"">Rückmeldung am 23.09.2024</p><br /><p></p>"," ","https://moodle.hs-hannover.de/course/view.php?id=26442 Werkstoffkunde-Labor",
WKL-WiSe2024,CLA,VE2,Wkst.Ku-L,WKL,"CLAßEN-GEO. ",," ","https://moodle.hs-hannover.de/course/view.php?id=26442 Werkstoffkunde-Labor",
WKL-WiSe2024,CLA,WI2,Wkst.Ku-L,WKL,"CLAßEN-GEO. ",," ","https://moodle.hs-hannover.de/course/view.php?id=26442 Werkstoffkunde-Labor",
M3BII2_24/25,NAD,II2,WissSchrPrs,WSP,NADOLNY,," ","https://moodle.hs-hannover.de/course/view.php?id=27114 ",
M3AVE3_2425,NAD,M3A,WissSchrPrs,WSP,NADOLNY,," ","https://moodle.hs-hannover.de/course/view.php?id=27114 ",
M3BII2_24/25,NAD,M3B,WissSchrPrs,WSP,NADOLNY,," ","https://moodle.hs-hannover.de/course/view.php?id=27114 ",
M3AVE3_2425,NAD,VE3,WissSchrPrs,WSP,NADOLNY,," ","https://moodle.hs-hannover.de/course/view.php?id=27114 ",
WI3_2425,WES,WI3,WissSchrPrs,WSP,WEISBERG,," ","https://moodle.hs-hannover.de/course/view.php?id=27114 ",
veu-m11,JAN,VE5,WaermetecL,WTL,JANSSEN,," ","https://moodle.hs-hannover.de/course/view.php?id=26813 Wärmetechnik-Labor, WiSe 2024/25, Janßen",
WZML-2425,LIE,PS6,Werkz.M-L,WZL,LIERSE,," ","https://moodle.hs-hannover.de/course/view.php?id=27198 ",
WZML-2425,LIE,VM1,Werkz.M-L,WZL,LIERSE,," ","https://moodle.hs-hannover.de/course/view.php?id=27198 ",
,AHL,PS6,"Werkz.M 1",WZM1,AHLERS,," ","https://moodle.hs-hannover.de/course/view.php?id=3004 ",
,AHL,PT5,"Werkz.M 1",WZM1,AHLERS,," ","https://moodle.hs-hannover.de/course/view.php?id=3011 ",
,AHL,VM1,"Werkz.M 1",WZM1,AHLERS,," ","https://moodle.hs-hannover.de/course/view.php?id=3004 ",
WZM2-2425,LIE,PS6,"Werkz.M 2",WZM2,LIERSE,," ","https://moodle.hs-hannover.de/course/view.php?id=27196 ",
WZM2-2425,LIE,VM1,"Werkz.M 2",WZM2,LIERSE,," ","https://moodle.hs-hannover.de/course/view.php?id=27196 ",
HLF-2425,,WMM,Hochleistungsfertigung,HLF,LIERSE,," ","https://moodle.hs-hannover.de/course/view.php?id=27197 ",
